Workbook

Sheet Instructions
A1: Laboratory & Workshop Safety – Monitoring Workbook
A2: Companion to the Laboratory and Workshop Emergency SOP (Laboratory Safety section)
A4: How to use
A5: Yellow cells, blue text | B5: Input cells – type or pick from the drop-down. Only edit these.
A6: Grey cells | B6: Auto-calculated formulas – do not overwrite.
A7: Green / amber / red | B7: Status highlighting applied automatically (Compliant / Due soon / Overdue etc.).
A8: Sample data | B8: Each register contains one example row and the checklists contain sample statuses so the Dashboard shows results. Overwrite or clear them before use.
A9: Report date | B9: Dashboard cell C5 defaults to TODAY(). Overwrite with a fixed date to report as of a past date.
A10: Parameters | B10: Risk-level thresholds and 'due soon' windows are on the Lists sheet (column N).
A11: Sheets
A12: Dashboard | B12: SOP Section 17 performance indicators with targets and automatic status, plus incident summary chart.
A13: Pre-Lab Checklist | B13: SOP Section 4, Steps 3–4: safety preparation and briefing. Gives READY / NOT READY decision.
A14: Risk Assessment | B14: SOP Section 4, Step 2: Hazard → Likelihood → Impact → Risk Level → Control Measures, with residual risk.
A15: Inspection Checklist | B15: SOP Section 16 periodic inspection with Safety Compliance Rate (Section 17 formula).
A16: Equipment Register | B16: SOP Sections 6 & 18: equipment inspection register with next-due dates and defect tracking.
A17: Emergency Equipment | B17: SOP Section 11: emergency equipment test dates and readiness.
A18: PPE Availability | B18: SOP Section 5: PPE required vs available, by hazard.
A19: Training Records | B19: SOP Section 15: user training with expiry tracking.
A20: Incident Log | B20: SOP Section 14: incidents & near misses with corrective/preventive action (CAPA) tracking.
A21: Emergency Drills | B21: Drill plan and completion with occupant accountability (Section 10 D).
A22: Lists | B22: Drop-down sources and adjustable parameters.

Sheet Dashboard
A1: Laboratory Safety Performance Dashboard
A2: SOP Section 17 – Performance indicators (auto-calculated from the registers)
B4: Laboratory / department | C4: Electrical Machines Lab, Dept. of EEE
B5: Report date | C5: =TODAY() -> 46298
A7: # | B7: Performance indicator | C7: Basis of calculation | D7: Actual | E7: Target | F7: Direction | G7: Status
A8: 1 | B8: Safety compliance rate (inspection) | C8: Compliant ÷ assessed items – Inspection Checklist | D8: ='Inspection Checklist'!$C$26 -> 0.90909091 | E8: 0.95 | F8: Higher is better | G8: =IF(D8="","No data",IF(D8>=E8,"On target",IF(D8>=E8*0.9,"Watch","Action needed"))) -> Watch
A9: 2 | B9: Pre-lab safety readiness rate | C9: 'Yes' ÷ answered items – Pre-Lab Checklist | D9: ='Pre-Lab Checklist'!$C$32 -> 0.93333333 | E9: 1 | F9: Higher is better | G9: =IF(D9="","No data",IF(D9>=E9,"On target",IF(D9>=E9*0.9,"Watch","Action needed"))) -> Watch
A10: 3 | B10: Users with current safety training | C10: Current ÷ training records | D10: =IFERROR(COUNTIF('Training Records'!H5:H104,"Current")/COUNTA('Training Records'!A5:A104),"") -> 1 | E10: 0.95 | F10: Higher is better | G10: =IF(D10="","No data",IF(D10>=E10,"On target",IF(D10>=E10*0.9,"Watch","Action needed"))) -> On target
A11: 4 | B11: Equipment inspection completion rate | C11: Current + due soon ÷ registered equipment | D11: =IFERROR((COUNTIF('Equipment Register'!J5:J54,"Current")+COUNTIF('Equipment Register'!J5:J54,"Due soon"))/COUNTA('Equipment Register'!B5:B54),"") -> 1 | E11: 1 | F11: Higher is better | G11: =IF(D11="","No data",IF(D11>=E11,"On target",IF(D11>=E11*0.9,"Watch","Action needed"))) -> On target
A12: 5 | B12: Emergency-drill completion rate | C12: Completed ÷ drills due to date | D12: =IFERROR(COUNTIF('Emergency Drills'!J5:J34,"Completed")/(COUNTIF('Emergency Drills'!J5:J34,"Completed")+COUNTIF('Emergency Drills'!J5:J34,"Missed")),"") -> 1 | E12: 1 | F12: Higher is better | G12: =IF(D12="","No data",IF(D12>=E12,"On target",IF(D12>=E12*0.9,"Watch","Action needed"))) -> On target
A13: 6 | B13: Number of safety incidents | C13: All logged events except near misses | D13: =COUNT('Incident Log'!B5:B54)-COUNTIF('Incident Log'!C5:C54,"Near miss") -> 0 | E13: 0 | F13: Lower is better | G13: =IF(D13="","No data",IF(D13<=E13,"On target","Action needed")) -> On target
A14: 7 | B14: Number of near misses reported | C14: Near misses logged (higher = healthy reporting) | D14: =COUNTIF('Incident Log'!C5:C54,"Near miss") -> 1 | E14: 1 | F14: Higher is better | G14: =IF(D14="","No data",IF(D14>=E14,"On target",IF(D14>=E14*0.9,"Watch","Action needed"))) -> On target
A15: 8 | B15: Corrective-action closure rate | C15: Closed CAPAs ÷ logged events | D15: =IFERROR(COUNTIF('Incident Log'!P5:P54,"Closed")/COUNT('Incident Log'!B5:B54),"") -> 1 | E15: 0.9 | F15: Higher is better | G15: =IF(D15="","No data",IF(D15>=E15,"On target",IF(D15>=E15*0.9,"Watch","Action needed"))) -> On target
A16: 9 | B16: PPE availability rate | C16: Available ÷ required quantity – PPE Availability | D16: ='PPE Availability'!$F$26 -> 0.98095238 | E16: 1 | F16: Higher is better | G16: =IF(D16="","No data",IF(D16>=E16,"On target",IF(D16>=E16*0.9,"Watch","Action needed"))) -> Watch
A17: 10 | B17: Emergency-equipment readiness rate | C17: 'Ready' ÷ listed emergency equipment | D17: =IFERROR(COUNTIF('Emergency Equipment'!H5:H24,"Ready")/COUNTA('Emergency Equipment'!B5:B24),"") -> 0.91666667 | E17: 1 | F17: Higher is better | G17: =IF(D17="","No data",IF(D17>=E17,"On target",IF(D17>=E17*0.9,"Watch","Action needed"))) -> Watch
A18: 11 | B18: Recurrence rate of safety incidents | C18: Repeat incidents ÷ logged events | D18: =IFERROR(COUNTIF('Incident Log'!O5:O54,"Yes")/COUNT('Incident Log'!B5:B54),"") -> 0 | E18: 0 | F18: Lower is better | G18: =IF(D18="","No data",IF(D18<=E18,"On target","Action needed")) -> On target
A19: 12 | B19: High / critical residual risks | C19: Risk Assessment – residual level High or Critical | D19: =COUNTIF('Risk Assessment'!O5:O54,"High")+COUNTIF('Risk Assessment'!O5:O54,"Critical") -> 0 | E19: 0 | F19: Lower is better | G19: =IF(D19="","No data",IF(D19<=E19,"On target","Action needed")) -> On target
B20: Targets (yellow) are suggested defaults – set them to your institution's approved targets.
B22: Items needing attention | C22: Source | D22: Count
B23: Open corrective actions | C23: Incident Log | D23: =COUNTIF('Incident Log'!P5:P54,"Open")+COUNTIF('Incident Log'!P5:P54,"CAPA not set") -> 0
B24: Overdue corrective actions | C24: Incident Log | D24: =COUNTIF('Incident Log'!P5:P54,"Overdue") -> 0
B25: Equipment inspections overdue | C25: Equipment Register | D25: =COUNTIF('Equipment Register'!J5:J54,"Overdue") -> 0
B26: Equipment not cleared for use | C26: Equipment Register | D26: =COUNTIF('Equipment Register'!L5:L54,"No") -> 0
B27: Emergency equipment not ready | C27: Emergency Equipment | D27: =COUNTIF('Emergency Equipment'!H5:H24,"Not ready")+COUNTIF('Emergency Equipment'!H5:H24,"Test overdue") -> 1
B28: Training expired or expiring | C28: Training Records | D28: =COUNTIF('Training Records'!H5:H104,"Expired")+COUNTIF('Training Records'!H5:H104,"Expiring") -> 0
B29: Non-compliant inspection items | C29: Inspection Checklist | D29: =COUNTIF('Inspection Checklist'!C9:C20,"Non-compliant") -> 1
B30: PPE items short or to replace | C30: PPE Availability | D30: =COUNTIF('PPE Availability'!G5:G24,"Shortage")+COUNTIF('PPE Availability'!G5:G24,"Replace")+COUNTIF('PPE Availability'!G5:G24,"Low stock") -> 2
B33: Event type | C33: Count
B34: Near miss | C34: =COUNTIF('Incident Log'!C5:C54,B34) -> 1
B35: Injury | C35: =COUNTIF('Incident Log'!C5:C54,B35) -> 0
B36: Electrical accident | C36: =COUNTIF('Incident Log'!C5:C54,B36) -> 0
B37: Chemical spill | C37: =COUNTIF('Incident Log'!C5:C54,B37) -> 0
B38: Fire | C38: =COUNTIF('Incident Log'!C5:C54,B38) -> 0
B39: Gas leak | C39: =COUNTIF('Incident Log'!C5:C54,B39) -> 0
B40: Equipment failure | C40: =COUNTIF('Incident Log'!C5:C54,B40) -> 0
B41: Unsafe condition | C41: =COUNTIF('Incident Log'!C5:C54,B41) -> 0

Sheet Pre-Lab Checklist
A1: Pre-Laboratory Safety Checklist
A2: SOP Section 4 – complete before starting any experiment or workshop activity
A4: Laboratory / workshop | B4: Electrical Machines Lab
A5: Activity / experiment | B5: Load test on DC shunt motor
A6: Date | B6: 46300
A7: Faculty / instructor | B7: Dr. A. Rao
A9: # | B9: Check item | C9: Response | D9: Remarks / action taken
A10: Step 3 – Safety preparation
A11: 1 | B11: Required PPE is available | C11: Yes
A12: 2 | B12: Equipment is operational | C12: Yes
A13: 3 | B13: Emergency exits are accessible | C13: No | D13: First-aid kit refill requested
A14: 4 | B14: First-aid facilities are available | C14: Yes
A15: 5 | B15: Fire-safety equipment is accessible | C15: Yes
A16: 6 | B16: Emergency contact information is displayed | C16: Yes
A17: 7 | B17: Required ventilation is functioning | C17: Yes
A18: 8 | B18: Safety instructions are available | C18: Yes
A19: Step 4 – Safety briefing given on
A20: 9 | B20: Experimental / workshop procedures | C20: Yes
A21: 10 | B21: Equipment operation | C21: Yes
A22: 11 | B22: Potential hazards | C22: Yes
A23: 12 | B23: Required PPE | C23: Yes
A24: 13 | B24: Emergency shutdown | C24: Yes
A25: 14 | B25: Emergency reporting | C25: Yes
A26: 15 | B26: Evacuation arrangements | C26: Yes
B28: Items answered 'Yes' | C28: =COUNTIF(C11:C26,"Yes") -> 14
B29: Items answered 'No' | C29: =COUNTIF(C11:C26,"No") -> 1
B30: Items not applicable | C30: =COUNTIF(C11:C26,"N/A") -> 0
B31: Items not yet answered | C31: =15-SUM(C28:C30) -> 0
B32: Readiness rate | C32: =IFERROR(C28/(C28+C29),"") -> 0.93333333
B33: Decision | C33: =IF(C31>0,"INCOMPLETE",IF(C29>0,"NOT READY – resolve all 'No' items","READY TO START")) -> NOT READY – resolve all 'No' items

Sheet Risk Assessment
A1: Laboratory Risk Assessment Register
A2: SOP Section 4 Step 2: Hazard → Likelihood → Impact → Risk Level → Control Measures
A4: Ref | B4: Activity / task | C4: Hazard category | D4: Hazard description | E4: Who may be harmed | F4: Likelihood (1-5) | G4: Impact (1-5) | H4: Risk score | I4: Risk level | J4: Control measures (engineering / administrative) | K4: Required PPE | L4: Residual likelihood | M4: Residual impact | N4: Residual score | O4: Residual level | P4: Owner | Q4: Review date
A5: =IF(B5="","","RA-"&TEXT(ROW()-4,"000")) -> RA-001 | B5: Operating DC motor test bench | C5: Electrical systems | D5: Contact with live terminals during wiring changes | E5: Students, technician | F5: 4 | G5: 5 | H5: =IF(OR(F5="",G5=""),"",F5*G5) -> 20 | I5: =IF(H5="","",IF(H5<=Lists!$N$2,"Low",IF(H5<=Lists!$N$3,"Medium",IF(H5<=Lists!$N$4,"High","Critical")))) -> Critical | J5: Isolate supply before rewiring; shrouded terminals; RCD protection; supervised operation | K5: Insulated gloves, safety footwear | L5: 2 | M5: 4 | N5: =IF(OR(L5="",M5=""),"",L5*M5) -> 8 | O5: =IF(N5="","",IF(N5<=Lists!$N$2,"Low",IF(N5<=Lists!$N$3,"Medium",IF(N5<=Lists!$N$4,"High","Critical")))) -> Medium | P5: Lab In-Charge | Q5: 46402
A6: =IF(B6="","","RA-"&TEXT(ROW()-4,"000")) | H6: =IF(OR(F6="",G6=""),"",F6*G6) | I6: =IF(H6="","",IF(H6<=Lists!$N$2,"Low",IF(H6<=Lists!$N$3,"Medium",IF(H6<=Lists!$N$4,"High","Critical")))) | N6: =IF(OR(L6="",M6=""),"",L6*M6) | O6: =IF(N6="","",IF(N6<=Lists!$N$2,"Low",IF(N6<=Lists!$N$3,"Medium",IF(N6<=Lists!$N$4,"High","Critical"))))
A7: =IF(B7="","","RA-"&TEXT(ROW()-4,"000")) | H7: =IF(OR(F7="",G7=""),"",F7*G7) | I7: =IF(H7="","",IF(H7<=Lists!$N$2,"Low",IF(H7<=Lists!$N$3,"Medium",IF(H7<=Lists!$N$4,"High","Critical")))) | N7: =IF(OR(L7="",M7=""),"",L7*M7) | O7: =IF(N7="","",IF(N7<=Lists!$N$2,"Low",IF(N7<=Lists!$N$3,"Medium",IF(N7<=Lists!$N$4,"High","Critical"))))
A8: =IF(B8="","","RA-"&TEXT(ROW()-4,"000")) | H8: =IF(OR(F8="",G8=""),"",F8*G8) | I8: =IF(H8="","",IF(H8<=Lists!$N$2,"Low",IF(H8<=Lists!$N$3,"Medium",IF(H8<=Lists!$N$4,"High","Critical")))) | N8: =IF(OR(L8="",M8=""),"",L8*M8) | O8: =IF(N8="","",IF(N8<=Lists!$N$2,"Low",IF(N8<=Lists!$N$3,"Medium",IF(N8<=Lists!$N$4,"High","Critical"))))
A9: =IF(B9="","","RA-"&TEXT(ROW()-4,"000")) | H9: =IF(OR(F9="",G9=""),"",F9*G9) | I9: =IF(H9="","",IF(H9<=Lists!$N$2,"Low",IF(H9<=Lists!$N$3,"Medium",IF(H9<=Lists!$N$4,"High","Critical")))) | N9: =IF(OR(L9="",M9=""),"",L9*M9) | O9: =IF(N9="","",IF(N9<=Lists!$N$2,"Low",IF(N9<=Lists!$N$3,"Medium",IF(N9<=Lists!$N$4,"High","Critical"))))
A10: =IF(B10="","","RA-"&TEXT(ROW()-4,"000")) | H10: =IF(OR(F10="",G10=""),"",F10*G10) | I10: =IF(H10="","",IF(H10<=Lists!$N$2,"Low",IF(H10<=Lists!$N$3,"Medium",IF(H10<=Lists!$N$4,"High","Critical")))) | N10: =IF(OR(L10="",M10=""),"",L10*M10) | O10: =IF(N10="","",IF(N10<=Lists!$N$2,"Low",IF(N10<=Lists!$N$3,"Medium",IF(N10<=Lists!$N$4,"High","Critical"))))
A11: =IF(B11="","","RA-"&TEXT(ROW()-4,"000")) | H11: =IF(OR(F11="",G11=""),"",F11*G11) | I11: =IF(H11="","",IF(H11<=Lists!$N$2,"Low",IF(H11<=Lists!$N$3,"Medium",IF(H11<=Lists!$N$4,"High","Critical")))) | N11: =IF(OR(L11="",M11=""),"",L11*M11) | O11: =IF(N11="","",IF(N11<=Lists!$N$2,"Low",IF(N11<=Lists!$N$3,"Medium",IF(N11<=Lists!$N$4,"High","Critical"))))
A12: =IF(B12="","","RA-"&TEXT(ROW()-4,"000")) | H12: =IF(OR(F12="",G12=""),"",F12*G12) | I12: =IF(H12="","",IF(H12<=Lists!$N$2,"Low",IF(H12<=Lists!$N$3,"Medium",IF(H12<=Lists!$N$4,"High","Critical")))) | N12: =IF(OR(L12="",M12=""),"",L12*M12) | O12: =IF(N12="","",IF(N12<=Lists!$N$2,"Low",IF(N12<=Lists!$N$3,"Medium",IF(N12<=Lists!$N$4,"High","Critical"))))
A13: =IF(B13="","","RA-"&TEXT(ROW()-4,"000")) | H13: =IF(OR(F13="",G13=""),"",F13*G13) | I13: =IF(H13="","",IF(H13<=Lists!$N$2,"Low",IF(H13<=Lists!$N$3,"Medium",IF(H13<=Lists!$N$4,"High","Critical")))) | N13: =IF(OR(L13="",M13=""),"",L13*M13) | O13: =IF(N13="","",IF(N13<=Lists!$N$2,"Low",IF(N13<=Lists!$N$3,"Medium",IF(N13<=Lists!$N$4,"High","Critical"))))
A14: =IF(B14="","","RA-"&TEXT(ROW()-4,"000")) | H14: =IF(OR(F14="",G14=""),"",F14*G14) | I14: =IF(H14="","",IF(H14<=Lists!$N$2,"Low",IF(H14<=Lists!$N$3,"Medium",IF(H14<=Lists!$N$4,"High","Critical")))) | N14: =IF(OR(L14="",M14=""),"",L14*M14) | O14: =IF(N14="","",IF(N14<=Lists!$N$2,"Low",IF(N14<=Lists!$N$3,"Medium",IF(N14<=Lists!$N$4,"High","Critical"))))
A15: =IF(B15="","","RA-"&TEXT(ROW()-4,"000")) | H15: =IF(OR(F15="",G15=""),"",F15*G15) | I15: =IF(H15="","",IF(H15<=Lists!$N$2,"Low",IF(H15<=Lists!$N$3,"Medium",IF(H15<=Lists!$N$4,"High","Critical")))) | N15: =IF(OR(L15="",M15=""),"",L15*M15) | O15: =IF(N15="","",IF(N15<=Lists!$N$2,"Low",IF(N15<=Lists!$N$3,"Medium",IF(N15<=Lists!$N$4,"High","Critical"))))
A16: =IF(B16="","","RA-"&TEXT(ROW()-4,"000")) | H16: =IF(OR(F16="",G16=""),"",F16*G16) | I16: =IF(H16="","",IF(H16<=Lists!$N$2,"Low",IF(H16<=Lists!$N$3,"Medium",IF(H16<=Lists!$N$4,"High","Critical")))) | N16: =IF(OR(L16="",M16=""),"",L16*M16) | O16: =IF(N16="","",IF(N16<=Lists!$N$2,"Low",IF(N16<=Lists!$N$3,"Medium",IF(N16<=Lists!$N$4,"High","Critical"))))
A17: =IF(B17="","","RA-"&TEXT(ROW()-4,"000")) | H17: =IF(OR(F17="",G17=""),"",F17*G17) | I17: =IF(H17="","",IF(H17<=Lists!$N$2,"Low",IF(H17<=Lists!$N$3,"Medium",IF(H17<=Lists!$N$4,"High","Critical")))) | N17: =IF(OR(L17="",M17=""),"",L17*M17) | O17: =IF(N17="","",IF(N17<=Lists!$N$2,"Low",IF(N17<=Lists!$N$3,"Medium",IF(N17<=Lists!$N$4,"High","Critical"))))
... A54: =IF(B54="","","RA-"&TEXT(ROW()-4,"000")) | H54: =IF(OR(F54="",G54=""),"",F54*G54) | I54: =IF(H54="","",IF(H54<=Lists!$N$2,"Low",IF(H54<=Lists!$N$3,"Medium",IF(H54<=Lists!$N$4,"High","Critical")))) | N54: =IF(OR(L54="",M54=""),"",L54*M54) | O54: =IF(N54="","",IF(N54<=Lists!$N$2,"Low",IF(N54<=Lists!$N$3,"Medium",IF(N54<=Lists!$N$4,"High","Critical"))))
B56: Scoring guide
B57: Score | C57: Likelihood | D57: Impact
B58: 1 | C58: Rare | D58: Negligible – no injury
B59: 2 | C59: Unlikely | D59: Minor – first aid
B60: 3 | C60: Possible | D60: Moderate – medical treatment
B61: 4 | C61: Likely | D61: Major – serious injury / major damage
B62: 5 | C62: Almost certain | D62: Severe – fatality / permanent disability
B64: Risk matrix (Likelihood × Impact)
B65: Likelihood ↓ / Impact → | C65: 1 | D65: 2 | E65: 3 | F65: 4 | G65: 5
B66: 1 | C66: =B66*C65 -> 1 | D66: =B66*D65 -> 2 | E66: =B66*E65 -> 3 | F66: =B66*F65 -> 4 | G66: =B66*G65 -> 5
B67: 2 | C67: =B67*C65 -> 2 | D67: =B67*D65 -> 4 | E67: =B67*E65 -> 6 | F67: =B67*F65 -> 8 | G67: =B67*G65 -> 10
B68: 3 | C68: =B68*C65 -> 3 | D68: =B68*D65 -> 6 | E68: =B68*E65 -> 9 | F68: =B68*F65 -> 12 | G68: =B68*G65 -> 15
B69: 4 | C69: =B69*C65 -> 4 | D69: =B69*D65 -> 8 | E69: =B69*E65 -> 12 | F69: =B69*F65 -> 16 | G69: =B69*G65 -> 20
B70: 5 | C70: =B70*C65 -> 5 | D70: =B70*D65 -> 10 | E70: =B70*E65 -> 15 | F70: =B70*F65 -> 20 | G70: =B70*G65 -> 25

Sheet Inspection Checklist
A1: Laboratory Safety Inspection Checklist
A2: SOP Section 16 – periodic inspection
A4: Laboratory / workshop | B4: Electrical Machines Lab
A5: Inspection date | B5: 46293
A6: Inspected by | B6: Safety Officer
A8: # | B8: Inspection area | C8: Status | D8: Observations | E8: Action required | F8: Responsible person | G8: Target date
A9: 1 | B9: Emergency exits accessible | C9: Compliant
A10: 2 | B10: Fire equipment available/inspected | C10: Compliant
A11: 3 | B11: First-aid facilities available | C11: Compliant
A12: 4 | B12: Electrical systems safe | C12: Compliant
A13: 5 | B13: Equipment operational | C13: Compliant
A14: 6 | B14: Safety signage displayed | C14: Compliant
A15: 7 | B15: PPE available | C15: Compliant | D15: Two pairs of safety goggles missing | E15: Replenish goggles stock | F15: Lab Technician | G15: 46305
A16: 8 | B16: Chemical storage appropriate | C16: Non-compliant
A17: 9 | B17: Waste management satisfactory | C17: N/A
A18: 10 | B18: Emergency contacts updated | C18: Compliant
A19: 11 | B19: Safety training current | C19: Compliant
A20: 12 | B20: Incident records maintained | C20: Compliant
B22: Compliant | C22: =COUNTIF(C9:C20,"Compliant") -> 10
B23: Non-compliant | C23: =COUNTIF(C9:C20,"Non-compliant") -> 1
B24: Not applicable | C24: =COUNTIF(C9:C20,"N/A") -> 1
B25: Requirements assessed | C25: =C22+C23 -> 11
B26: Safety Compliance Rate | C26: =IFERROR(C22/C25,"") -> 0.90909091
B27: Formula: Compliant ÷ (Compliant + Non-compliant) × 100 (SOP Section 17)

Sheet Equipment Register
A1: Equipment Inspection & Maintenance Register
A2: SOP Sections 6 & 18 – Equipment defect route: STOP → Isolate → Label/Report → Restrict use → Notify In-Charge → Repair/Inspection → Authorize reuse
A4: Asset ID | B4: Equipment | C4: Location | D4: Authorized users / competency | E4: Condition | F4: Last inspection | G4: Interval (days) | H4: Next due | I4: Days to due | J4: Inspection status | K4: Defect reported? | L4: Cleared for use? | M4: Remarks
A5: EQ-001 | B5: DC shunt motor test bench | C5: Electrical Machines Lab | D5: Trained UG students (supervised) | E5: Good | F5: 46254 | G5: 90 | H5: =IF(OR(F5="",G5=""),"",F5+G5) -> 46344 | I5: =IF(H5="","",H5-Dashboard!$C$5) -> 46 | J5: =IF(B5="","",IF(H5="","Not scheduled",IF(I5<0,"Overdue",IF(I5<=Lists!$N$6,"Due soon","Current")))) -> Current | K5: No | L5: Yes | M5: Guards and emergency stop verified
H6: =IF(OR(F6="",G6=""),"",F6+G6) | I6: =IF(H6="","",H6-Dashboard!$C$5) | J6: =IF(B6="","",IF(H6="","Not scheduled",IF(I6<0,"Overdue",IF(I6<=Lists!$N$6,"Due soon","Current"))))
H7: =IF(OR(F7="",G7=""),"",F7+G7) | I7: =IF(H7="","",H7-Dashboard!$C$5) | J7: =IF(B7="","",IF(H7="","Not scheduled",IF(I7<0,"Overdue",IF(I7<=Lists!$N$6,"Due soon","Current"))))
H8: =IF(OR(F8="",G8=""),"",F8+G8) | I8: =IF(H8="","",H8-Dashboard!$C$5) | J8: =IF(B8="","",IF(H8="","Not scheduled",IF(I8<0,"Overdue",IF(I8<=Lists!$N$6,"Due soon","Current"))))
H9: =IF(OR(F9="",G9=""),"",F9+G9) | I9: =IF(H9="","",H9-Dashboard!$C$5) | J9: =IF(B9="","",IF(H9="","Not scheduled",IF(I9<0,"Overdue",IF(I9<=Lists!$N$6,"Due soon","Current"))))
H10: =IF(OR(F10="",G10=""),"",F10+G10) | I10: =IF(H10="","",H10-Dashboard!$C$5) | J10: =IF(B10="","",IF(H10="","Not scheduled",IF(I10<0,"Overdue",IF(I10<=Lists!$N$6,"Due soon","Current"))))
H11: =IF(OR(F11="",G11=""),"",F11+G11) | I11: =IF(H11="","",H11-Dashboard!$C$5) | J11: =IF(B11="","",IF(H11="","Not scheduled",IF(I11<0,"Overdue",IF(I11<=Lists!$N$6,"Due soon","Current"))))
H12: =IF(OR(F12="",G12=""),"",F12+G12) | I12: =IF(H12="","",H12-Dashboard!$C$5) | J12: =IF(B12="","",IF(H12="","Not scheduled",IF(I12<0,"Overdue",IF(I12<=Lists!$N$6,"Due soon","Current"))))
H13: =IF(OR(F13="",G13=""),"",F13+G13) | I13: =IF(H13="","",H13-Dashboard!$C$5) | J13: =IF(B13="","",IF(H13="","Not scheduled",IF(I13<0,"Overdue",IF(I13<=Lists!$N$6,"Due soon","Current"))))
H14: =IF(OR(F14="",G14=""),"",F14+G14) | I14: =IF(H14="","",H14-Dashboard!$C$5) | J14: =IF(B14="","",IF(H14="","Not scheduled",IF(I14<0,"Overdue",IF(I14<=Lists!$N$6,"Due soon","Current"))))
H15: =IF(OR(F15="",G15=""),"",F15+G15) | I15: =IF(H15="","",H15-Dashboard!$C$5) | J15: =IF(B15="","",IF(H15="","Not scheduled",IF(I15<0,"Overdue",IF(I15<=Lists!$N$6,"Due soon","Current"))))
H16: =IF(OR(F16="",G16=""),"",F16+G16) | I16: =IF(H16="","",H16-Dashboard!$C$5) | J16: =IF(B16="","",IF(H16="","Not scheduled",IF(I16<0,"Overdue",IF(I16<=Lists!$N$6,"Due soon","Current"))))
H17: =IF(OR(F17="",G17=""),"",F17+G17) | I17: =IF(H17="","",H17-Dashboard!$C$5) | J17: =IF(B17="","",IF(H17="","Not scheduled",IF(I17<0,"Overdue",IF(I17<=Lists!$N$6,"Due soon","Current"))))
... H54: =IF(OR(F54="",G54=""),"",F54+G54) | I54: =IF(H54="","",H54-Dashboard!$C$5) | J54: =IF(B54="","",IF(H54="","Not scheduled",IF(I54<0,"Overdue",IF(I54<=Lists!$N$6,"Due soon","Current"))))

Sheet Emergency Equipment
A1: Emergency Equipment Readiness Register
A2: SOP Section 11 – periodically inspected, tested, maintained and documented
A4: # | B4: Emergency equipment | C4: Location | D4: Last inspected / tested | E4: Interval (days) | F4: Next due | G4: Functional? | H4: Readiness status | I4: Checked by | J4: Remarks
A5: =IF(B5="","",ROW()-4) -> 1 | B5: First-aid kit | C5: Electrical Machines Lab | D5: 46280 | E5: 30 | F5: =IF(OR(D5="",E5=""),"",D5+E5) -> 46310 | G5: Yes | H5: =IF(B5="","",IF(OR(D5="",G5=""),"Not checked",IF(G5="No","Not ready",IF(F5<Dashboard!$C$5,"Test overdue","Ready")))) -> Ready | I5: Lab Technician
A6: =IF(B6="","",ROW()-4) -> 2 | B6: Fire-detection system | C6: Electrical Machines Lab | D6: 46280 | E6: 180 | F6: =IF(OR(D6="",E6=""),"",D6+E6) -> 46460 | G6: Yes | H6: =IF(B6="","",IF(OR(D6="",G6=""),"Not checked",IF(G6="No","Not ready",IF(F6<Dashboard!$C$5,"Test overdue","Ready")))) -> Ready | I6: Lab Technician
A7: =IF(B7="","",ROW()-4) -> 3 | B7: Fire extinguishers | C7: Electrical Machines Lab | D7: 46280 | E7: 90 | F7: =IF(OR(D7="",E7=""),"",D7+E7) -> 46370 | G7: Yes | H7: =IF(B7="","",IF(OR(D7="",G7=""),"Not checked",IF(G7="No","Not ready",IF(F7<Dashboard!$C$5,"Test overdue","Ready")))) -> Ready | I7: Lab Technician
A8: =IF(B8="","",ROW()-4) -> 4 | B8: Emergency alarm | C8: Electrical Machines Lab | D8: 46280 | E8: 90 | F8: =IF(OR(D8="",E8=""),"",D8+E8) -> 46370 | G8: Yes | H8: =IF(B8="","",IF(OR(D8="",G8=""),"Not checked",IF(G8="No","Not ready",IF(F8<Dashboard!$C$5,"Test overdue","Ready")))) -> Ready | I8: Lab Technician
A9: =IF(B9="","",ROW()-4) -> 5 | B9: Emergency lighting | C9: Electrical Machines Lab | D9: 46280 | E9: 90 | F9: =IF(OR(D9="",E9=""),"",D9+E9) -> 46370 | G9: Yes | H9: =IF(B9="","",IF(OR(D9="",G9=""),"Not checked",IF(G9="No","Not ready",IF(F9<Dashboard!$C$5,"Test overdue","Ready")))) -> Ready | I9: Lab Technician
A10: =IF(B10="","",ROW()-4) -> 6 | B10: Emergency-stop systems | C10: Electrical Machines Lab | D10: 46280 | E10: 30 | F10: =IF(OR(D10="",E10=""),"",D10+E10) -> 46310 | G10: Yes | H10: =IF(B10="","",IF(OR(D10="",G10=""),"Not checked",IF(G10="No","Not ready",IF(F10<Dashboard!$C$5,"Test overdue","Ready")))) -> Ready | I10: Lab Technician
A11: =IF(B11="","",ROW()-4) -> 7 | B11: Spill-response materials | C11: Electrical Machines Lab | D11: 46280 | E11: 90 | F11: =IF(OR(D11="",E11=""),"",D11+E11) -> 46370 | G11: Yes | H11: =IF(B11="","",IF(OR(D11="",G11=""),"Not checked",IF(G11="No","Not ready",IF(F11<Dashboard!$C$5,"Test overdue","Ready")))) -> Ready | I11: Lab Technician
A12: =IF(B12="","",ROW()-4) -> 8 | B12: Safety signage | C12: Electrical Machines Lab | D12: 46280 | E12: 180 | F12: =IF(OR(D12="",E12=""),"",D12+E12) -> 46460 | G12: Yes | H12: =IF(B12="","",IF(OR(D12="",G12=""),"Not checked",IF(G12="No","Not ready",IF(F12<Dashboard!$C$5,"Test overdue","Ready")))) -> Ready | I12: Lab Technician
A13: =IF(B13="","",ROW()-4) -> 9 | B13: Emergency contact information | C13: Electrical Machines Lab | D13: 46280 | E13: 90 | F13: =IF(OR(D13="",E13=""),"",D13+E13) -> 46370 | G13: Yes | H13: =IF(B13="","",IF(OR(D13="",G13=""),"Not checked",IF(G13="No","Not ready",IF(F13<Dashboard!$C$5,"Test overdue","Ready")))) -> Ready | I13: Lab Technician
A14: =IF(B14="","",ROW()-4) -> 10 | B14: PPE stock | C14: Electrical Machines Lab | D14: 46280 | E14: 30 | F14: =IF(OR(D14="",E14=""),"",D14+E14) -> 46310 | G14: Yes | H14: =IF(B14="","",IF(OR(D14="",G14=""),"Not checked",IF(G14="No","Not ready",IF(F14<Dashboard!$C$5,"Test overdue","Ready")))) -> Ready | I14: Lab Technician
A15: =IF(B15="","",ROW()-4) -> 11 | B15: Eye/face protection & emergency eyewash | C15: Electrical Machines Lab | D15: 46280 | E15: 30 | F15: =IF(OR(D15="",E15=""),"",D15+E15) -> 46310 | G15: No | H15: =IF(B15="","",IF(OR(D15="",G15=""),"Not checked",IF(G15="No","Not ready",IF(F15<Dashboard!$C$5,"Test overdue","Ready")))) -> Not ready | I15: Lab Technician | J15: Eyewash bottle expired – replacement ordered
A16: =IF(B16="","",ROW()-4) -> 12 | B16: Ventilation and extraction systems | C16: Electrical Machines Lab | D16: 46280 | E16: 180 | F16: =IF(OR(D16="",E16=""),"",D16+E16) -> 46460 | G16: Yes | H16: =IF(B16="","",IF(OR(D16="",G16=""),"Not checked",IF(G16="No","Not ready",IF(F16<Dashboard!$C$5,"Test overdue","Ready")))) -> Ready | I16: Lab Technician
A17: =IF(B17="","",ROW()-4) | F17: =IF(OR(D17="",E17=""),"",D17+E17) | H17: =IF(B17="","",IF(OR(D17="",G17=""),"Not checked",IF(G17="No","Not ready",IF(F17<Dashboard!$C$5,"Test overdue","Ready"))))
A18: =IF(B18="","",ROW()-4) | F18: =IF(OR(D18="",E18=""),"",D18+E18) | H18: =IF(B18="","",IF(OR(D18="",G18=""),"Not checked",IF(G18="No","Not ready",IF(F18<Dashboard!$C$5,"Test overdue","Ready"))))
A19: =IF(B19="","",ROW()-4) | F19: =IF(OR(D19="",E19=""),"",D19+E19) | H19: =IF(B19="","",IF(OR(D19="",G19=""),"Not checked",IF(G19="No","Not ready",IF(F19<Dashboard!$C$5,"Test overdue","Ready"))))
A20: =IF(B20="","",ROW()-4) | F20: =IF(OR(D20="",E20=""),"",D20+E20) | H20: =IF(B20="","",IF(OR(D20="",G20=""),"Not checked",IF(G20="No","Not ready",IF(F20<Dashboard!$C$5,"Test overdue","Ready"))))
A21: =IF(B21="","",ROW()-4) | F21: =IF(OR(D21="",E21=""),"",D21+E21) | H21: =IF(B21="","",IF(OR(D21="",G21=""),"Not checked",IF(G21="No","Not ready",IF(F21<Dashboard!$C$5,"Test overdue","Ready"))))
A22: =IF(B22="","",ROW()-4) | F22: =IF(OR(D22="",E22=""),"",D22+E22) | H22: =IF(B22="","",IF(OR(D22="",G22=""),"Not checked",IF(G22="No","Not ready",IF(F22<Dashboard!$C$5,"Test overdue","Ready"))))
A23: =IF(B23="","",ROW()-4) | F23: =IF(OR(D23="",E23=""),"",D23+E23) | H23: =IF(B23="","",IF(OR(D23="",G23=""),"Not checked",IF(G23="No","Not ready",IF(F23<Dashboard!$C$5,"Test overdue","Ready"))))
A24: =IF(B24="","",ROW()-4) | F24: =IF(OR(D24="",E24=""),"",D24+E24) | H24: =IF(B24="","",IF(OR(D24="",G24=""),"Not checked",IF(G24="No","Not ready",IF(F24<Dashboard!$C$5,"Test overdue","Ready"))))

Sheet PPE Availability
A1: PPE Availability Register
A2: SOP Section 5 – PPE selected according to identified hazards
A4: Hazard | B4: PPE item | C4: Required qty | D4: Available qty | E4: Serviceable condition? | F4: Availability % | G4: Status | H4: Remarks
A5: Electrical work | B5: Insulated gloves / electrical safety equipment | C5: 10 | D5: 10 | E5: Yes | F5: =IF(OR(C5="",D5="",C5=0),"",MIN(D5/C5,1)) -> 1 | G5: =IF(F5="","",IF(E5="No","Replace",IF(F5>=1,"Adequate",IF(F5>=0.8,"Low stock","Shortage")))) -> Adequate
A6: Chemical handling | B6: Protective gloves | C6: 20 | D6: 20 | E6: Yes | F6: =IF(OR(C6="",D6="",C6=0),"",MIN(D6/C6,1)) -> 1 | G6: =IF(F6="","",IF(E6="No","Replace",IF(F6>=1,"Adequate",IF(F6>=0.8,"Low stock","Shortage")))) -> Adequate
A7: Chemical handling | B7: Eye / face protection | C7: 15 | D7: 13 | E7: Yes | F7: =IF(OR(C7="",D7="",C7=0),"",MIN(D7/C7,1)) -> 0.86666667 | G7: =IF(F7="","",IF(E7="No","Replace",IF(F7>=1,"Adequate",IF(F7>=0.8,"Low stock","Shortage")))) -> Low stock
A8: Chemical handling | B8: Protective clothing | C8: 15 | D8: 15 | E8: Yes | F8: =IF(OR(C8="",D8="",C8=0),"",MIN(D8/C8,1)) -> 1 | G8: =IF(F8="","",IF(E8="No","Replace",IF(F8>=1,"Adequate",IF(F8>=0.8,"Low stock","Shortage")))) -> Adequate
A9: Mechanical operations | B9: Safety glasses | C9: 30 | D9: 28 | E9: Yes | F9: =IF(OR(C9="",D9="",C9=0),"",MIN(D9/C9,1)) -> 0.93333333 | G9: =IF(F9="","",IF(E9="No","Replace",IF(F9>=1,"Adequate",IF(F9>=0.8,"Low stock","Shortage")))) -> Low stock
A10: Mechanical operations | B10: Protective footwear | C10: 10 | D10: 10 | E10: Yes | F10: =IF(OR(C10="",D10="",C10=0),"",MIN(D10/C10,1)) -> 1 | G10: =IF(F10="","",IF(E10="No","Replace",IF(F10>=1,"Adequate",IF(F10>=0.8,"Low stock","Shortage")))) -> Adequate
A11: Heat | B11: Heat-resistant gloves | C11: 6 | D11: 6 | E11: Yes | F11: =IF(OR(C11="",D11="",C11=0),"",MIN(D11/C11,1)) -> 1 | G11: =IF(F11="","",IF(E11="No","Replace",IF(F11>=1,"Adequate",IF(F11>=0.8,"Low stock","Shortage")))) -> Adequate
A12: Dust/particles | B12: Respiratory protection | C12: 10 | D12: 10 | E12: Yes | F12: =IF(OR(C12="",D12="",C12=0),"",MIN(D12/C12,1)) -> 1 | G12: =IF(F12="","",IF(E12="No","Replace",IF(F12>=1,"Adequate",IF(F12>=0.8,"Low stock","Shortage")))) -> Adequate
A13: Welding/cutting | B13: Welding helmet / shield | C13: 4 | D13: 4 | E13: Yes | F13: =IF(OR(C13="",D13="",C13=0),"",MIN(D13/C13,1)) -> 1 | G13: =IF(F13="","",IF(E13="No","Replace",IF(F13>=1,"Adequate",IF(F13>=0.8,"Low stock","Shortage")))) -> Adequate
A14: Biological hazards | B14: Disposable gloves and face protection | C14: 50 | D14: 50 | E14: Yes | F14: =IF(OR(C14="",D14="",C14=0),"",MIN(D14/C14,1)) -> 1 | G14: =IF(F14="","",IF(E14="No","Replace",IF(F14>=1,"Adequate",IF(F14>=0.8,"Low stock","Shortage")))) -> Adequate
A15: General laboratory work | B15: Lab coat / apron | C15: 40 | D15: 40 | E15: Yes | F15: =IF(OR(C15="",D15="",C15=0),"",MIN(D15/C15,1)) -> 1 | G15: =IF(F15="","",IF(E15="No","Replace",IF(F15>=1,"Adequate",IF(F15>=0.8,"Low stock","Shortage")))) -> Adequate
F16: =IF(OR(C16="",D16="",C16=0),"",MIN(D16/C16,1)) | G16: =IF(F16="","",IF(E16="No","Replace",IF(F16>=1,"Adequate",IF(F16>=0.8,"Low stock","Shortage"))))
F17: =IF(OR(C17="",D17="",C17=0),"",MIN(D17/C17,1)) | G17: =IF(F17="","",IF(E17="No","Replace",IF(F17>=1,"Adequate",IF(F17>=0.8,"Low stock","Shortage"))))
F18: =IF(OR(C18="",D18="",C18=0),"",MIN(D18/C18,1)) | G18: =IF(F18="","",IF(E18="No","Replace",IF(F18>=1,"Adequate",IF(F18>=0.8,"Low stock","Shortage"))))
F19: =IF(OR(C19="",D19="",C19=0),"",MIN(D19/C19,1)) | G19: =IF(F19="","",IF(E19="No","Replace",IF(F19>=1,"Adequate",IF(F19>=0.8,"Low stock","Shortage"))))
F20: =IF(OR(C20="",D20="",C20=0),"",MIN(D20/C20,1)) | G20: =IF(F20="","",IF(E20="No","Replace",IF(F20>=1,"Adequate",IF(F20>=0.8,"Low stock","Shortage"))))
F21: =IF(OR(C21="",D21="",C21=0),"",MIN(D21/C21,1)) | G21: =IF(F21="","",IF(E21="No","Replace",IF(F21>=1,"Adequate",IF(F21>=0.8,"Low stock","Shortage"))))
F22: =IF(OR(C22="",D22="",C22=0),"",MIN(D22/C22,1)) | G22: =IF(F22="","",IF(E22="No","Replace",IF(F22>=1,"Adequate",IF(F22>=0.8,"Low stock","Shortage"))))
F23: =IF(OR(C23="",D23="",C23=0),"",MIN(D23/C23,1)) | G23: =IF(F23="","",IF(E23="No","Replace",IF(F23>=1,"Adequate",IF(F23>=0.8,"Low stock","Shortage"))))
F24: =IF(OR(C24="",D24="",C24=0),"",MIN(D24/C24,1)) | G24: =IF(F24="","",IF(E24="No","Replace",IF(F24>=1,"Adequate",IF(F24>=0.8,"Low stock","Shortage"))))
E26: PPE availability rate | F26: =IFERROR(SUMPRODUCT((C5:C24<>"")*((D5:D24>C5:C24)*C5:C24+(D5:D24<=C5:C24)*D5:D24))/SUM(C5:C24),"") -> 0.98095238
E27: Note: available qty above requirement is not counted (capped at 100% per item in column F).

Sheet Training Records
A1: Safety Training & Competency Records
A2: SOP Section 15 – training records shall be maintained
A4: Name | B4: ID / Roll no. | C4: Role | D4: Training module | E4: Date completed | F4: Validity (months) | G4: Expiry date | H4: Status | I4: Trainer | J4: Remarks
A5: K. Priya | B5: 22A31A0412 | C5: Student/Researcher | D5: General laboratory safety | E5: 46213 | F5: 12 | G5: =IF(OR(E5="",F5=""),"",EDATE(E5,F5)) -> 46578 | H5: =IF(A5="","",IF(G5="","Not trained",IF(G5<Dashboard!$C$5,"Expired",IF(G5-Dashboard!$C$5<=Lists!$N$7,"Expiring","Current")))) -> Current | I5: Safety Officer | J5: Induction batch 2026
G6: =IF(OR(E6="",F6=""),"",EDATE(E6,F6)) | H6: =IF(A6="","",IF(G6="","Not trained",IF(G6<Dashboard!$C$5,"Expired",IF(G6-Dashboard!$C$5<=Lists!$N$7,"Expiring","Current"))))
G7: =IF(OR(E7="",F7=""),"",EDATE(E7,F7)) | H7: =IF(A7="","",IF(G7="","Not trained",IF(G7<Dashboard!$C$5,"Expired",IF(G7-Dashboard!$C$5<=Lists!$N$7,"Expiring","Current"))))
G8: =IF(OR(E8="",F8=""),"",EDATE(E8,F8)) | H8: =IF(A8="","",IF(G8="","Not trained",IF(G8<Dashboard!$C$5,"Expired",IF(G8-Dashboard!$C$5<=Lists!$N$7,"Expiring","Current"))))
G9: =IF(OR(E9="",F9=""),"",EDATE(E9,F9)) | H9: =IF(A9="","",IF(G9="","Not trained",IF(G9<Dashboard!$C$5,"Expired",IF(G9-Dashboard!$C$5<=Lists!$N$7,"Expiring","Current"))))
G10: =IF(OR(E10="",F10=""),"",EDATE(E10,F10)) | H10: =IF(A10="","",IF(G10="","Not trained",IF(G10<Dashboard!$C$5,"Expired",IF(G10-Dashboard!$C$5<=Lists!$N$7,"Expiring","Current"))))
G11: =IF(OR(E11="",F11=""),"",EDATE(E11,F11)) | H11: =IF(A11="","",IF(G11="","Not trained",IF(G11<Dashboard!$C$5,"Expired",IF(G11-Dashboard!$C$5<=Lists!$N$7,"Expiring","Current"))))
G12: =IF(OR(E12="",F12=""),"",EDATE(E12,F12)) | H12: =IF(A12="","",IF(G12="","Not trained",IF(G12<Dashboard!$C$5,"Expired",IF(G12-Dashboard!$C$5<=Lists!$N$7,"Expiring","Current"))))
G13: =IF(OR(E13="",F13=""),"",EDATE(E13,F13)) | H13: =IF(A13="","",IF(G13="","Not trained",IF(G13<Dashboard!$C$5,"Expired",IF(G13-Dashboard!$C$5<=Lists!$N$7,"Expiring","Current"))))
G14: =IF(OR(E14="",F14=""),"",EDATE(E14,F14)) | H14: =IF(A14="","",IF(G14="","Not trained",IF(G14<Dashboard!$C$5,"Expired",IF(G14-Dashboard!$C$5<=Lists!$N$7,"Expiring","Current"))))
G15: =IF(OR(E15="",F15=""),"",EDATE(E15,F15)) | H15: =IF(A15="","",IF(G15="","Not trained",IF(G15<Dashboard!$C$5,"Expired",IF(G15-Dashboard!$C$5<=Lists!$N$7,"Expiring","Current"))))
G16: =IF(OR(E16="",F16=""),"",EDATE(E16,F16)) | H16: =IF(A16="","",IF(G16="","Not trained",IF(G16<Dashboard!$C$5,"Expired",IF(G16-Dashboard!$C$5<=Lists!$N$7,"Expiring","Current"))))
G17: =IF(OR(E17="",F17=""),"",EDATE(E17,F17)) | H17: =IF(A17="","",IF(G17="","Not trained",IF(G17<Dashboard!$C$5,"Expired",IF(G17-Dashboard!$C$5<=Lists!$N$7,"Expiring","Current"))))
... G104: =IF(OR(E104="",F104=""),"",EDATE(E104,F104)) | H104: =IF(A104="","",IF(G104="","Not trained",IF(G104<Dashboard!$C$5,"Expired",IF(G104-Dashboard!$C$5<=Lists!$N$7,"Expiring","Current"))))

Sheet Incident Log
A1: Incident & Near-Miss Log with CAPA Tracking
A2: SOP Section 14 – Incident → Response → Notify → Secure → Report → Root cause → CAPA → Follow-up review
A4: Ref | B4: Date | C4: Type | D4: Laboratory / location | E4: Description | F4: Severity | G4: Injury? | H4: Reported to | I4: Immediate action taken | J4: Root cause | K4: Corrective / preventive action | L4: Action owner | M4: Due date | N4: Closure date | O4: Repeat incident? | P4: CAPA status | Q4: Days to close
A5: =IF(B5="","","INC-"&TEXT(ROW()-4,"000")) -> INC-001 | B5: 46277 | C5: Near miss | D5: Electrical Machines Lab | E5: Loose terminal found on test bench before energizing | F5: Minor | G5: No | H5: Lab In-Charge | I5: Bench isolated and tagged out | J5: Terminal screw worn | K5: Replace terminal block; add pre-start terminal check to bench checklist | L5: Lab Technician | M5: 46295 | N5: 46290 | O5: No | P5: =IF(B5="","",IF(N5<>"","Closed",IF(K5="","CAPA not set",IF(M5="","Open",IF(M5<Dashboard!$C$5,"Overdue","Open"))))) -> Closed | Q5: =IF(OR(B5="",N5=""),"",N5-B5) -> 13
A6: =IF(B6="","","INC-"&TEXT(ROW()-4,"000")) | P6: =IF(B6="","",IF(N6<>"","Closed",IF(K6="","CAPA not set",IF(M6="","Open",IF(M6<Dashboard!$C$5,"Overdue","Open"))))) | Q6: =IF(OR(B6="",N6=""),"",N6-B6)
A7: =IF(B7="","","INC-"&TEXT(ROW()-4,"000")) | P7: =IF(B7="","",IF(N7<>"","Closed",IF(K7="","CAPA not set",IF(M7="","Open",IF(M7<Dashboard!$C$5,"Overdue","Open"))))) | Q7: =IF(OR(B7="",N7=""),"",N7-B7)
A8: =IF(B8="","","INC-"&TEXT(ROW()-4,"000")) | P8: =IF(B8="","",IF(N8<>"","Closed",IF(K8="","CAPA not set",IF(M8="","Open",IF(M8<Dashboard!$C$5,"Overdue","Open"))))) | Q8: =IF(OR(B8="",N8=""),"",N8-B8)
A9: =IF(B9="","","INC-"&TEXT(ROW()-4,"000")) | P9: =IF(B9="","",IF(N9<>"","Closed",IF(K9="","CAPA not set",IF(M9="","Open",IF(M9<Dashboard!$C$5,"Overdue","Open"))))) | Q9: =IF(OR(B9="",N9=""),"",N9-B9)
A10: =IF(B10="","","INC-"&TEXT(ROW()-4,"000")) | P10: =IF(B10="","",IF(N10<>"","Closed",IF(K10="","CAPA not set",IF(M10="","Open",IF(M10<Dashboard!$C$5,"Overdue","Open"))))) | Q10: =IF(OR(B10="",N10=""),"",N10-B10)
A11: =IF(B11="","","INC-"&TEXT(ROW()-4,"000")) | P11: =IF(B11="","",IF(N11<>"","Closed",IF(K11="","CAPA not set",IF(M11="","Open",IF(M11<Dashboard!$C$5,"Overdue","Open"))))) | Q11: =IF(OR(B11="",N11=""),"",N11-B11)
A12: =IF(B12="","","INC-"&TEXT(ROW()-4,"000")) | P12: =IF(B12="","",IF(N12<>"","Closed",IF(K12="","CAPA not set",IF(M12="","Open",IF(M12<Dashboard!$C$5,"Overdue","Open"))))) | Q12: =IF(OR(B12="",N12=""),"",N12-B12)
A13: =IF(B13="","","INC-"&TEXT(ROW()-4,"000")) | P13: =IF(B13="","",IF(N13<>"","Closed",IF(K13="","CAPA not set",IF(M13="","Open",IF(M13<Dashboard!$C$5,"Overdue","Open"))))) | Q13: =IF(OR(B13="",N13=""),"",N13-B13)
A14: =IF(B14="","","INC-"&TEXT(ROW()-4,"000")) | P14: =IF(B14="","",IF(N14<>"","Closed",IF(K14="","CAPA not set",IF(M14="","Open",IF(M14<Dashboard!$C$5,"Overdue","Open"))))) | Q14: =IF(OR(B14="",N14=""),"",N14-B14)
A15: =IF(B15="","","INC-"&TEXT(ROW()-4,"000")) | P15: =IF(B15="","",IF(N15<>"","Closed",IF(K15="","CAPA not set",IF(M15="","Open",IF(M15<Dashboard!$C$5,"Overdue","Open"))))) | Q15: =IF(OR(B15="",N15=""),"",N15-B15)
A16: =IF(B16="","","INC-"&TEXT(ROW()-4,"000")) | P16: =IF(B16="","",IF(N16<>"","Closed",IF(K16="","CAPA not set",IF(M16="","Open",IF(M16<Dashboard!$C$5,"Overdue","Open"))))) | Q16: =IF(OR(B16="",N16=""),"",N16-B16)
A17: =IF(B17="","","INC-"&TEXT(ROW()-4,"000")) | P17: =IF(B17="","",IF(N17<>"","Closed",IF(K17="","CAPA not set",IF(M17="","Open",IF(M17<Dashboard!$C$5,"Overdue","Open"))))) | Q17: =IF(OR(B17="",N17=""),"",N17-B17)
... A54: =IF(B54="","","INC-"&TEXT(ROW()-4,"000")) | P54: =IF(B54="","",IF(N54<>"","Closed",IF(K54="","CAPA not set",IF(M54="","Open",IF(M54<Dashboard!$C$5,"Overdue","Open"))))) | Q54: =IF(OR(B54="",N54=""),"",N54-B54)

Sheet Emergency Drills
A1: Emergency Drill Register
A2: SOP Section 10 – Raise alarm → Evacuate → Assemble → Account for occupants → Await authorization
A4: Planned date | B4: Drill type | C4: Laboratory / area | D4: Conducted? | E4: Date conducted | F4: Occupants present | G4: Occupants accounted | H4: Accountability % | I4: Evacuation time (min) | J4: Drill status | K4: Observations / improvements
A5: 46259 | B5: Fire evacuation | C5: Electrical Machines Lab | D5: Yes | E5: 46259 | F5: 42 | G5: 42 | H5: =IF(OR(F5="",G5="",F5=0),"",G5/F5) -> 1 | I5: 3.5 | J5: =IF(A5="","",IF(D5="Yes","Completed",IF(A5<Dashboard!$C$5,"Missed","Scheduled"))) -> Completed | K5: Assembly point signage to be made more visible
H6: =IF(OR(F6="",G6="",F6=0),"",G6/F6) | J6: =IF(A6="","",IF(D6="Yes","Completed",IF(A6<Dashboard!$C$5,"Missed","Scheduled")))
H7: =IF(OR(F7="",G7="",F7=0),"",G7/F7) | J7: =IF(A7="","",IF(D7="Yes","Completed",IF(A7<Dashboard!$C$5,"Missed","Scheduled")))
H8: =IF(OR(F8="",G8="",F8=0),"",G8/F8) | J8: =IF(A8="","",IF(D8="Yes","Completed",IF(A8<Dashboard!$C$5,"Missed","Scheduled")))
H9: =IF(OR(F9="",G9="",F9=0),"",G9/F9) | J9: =IF(A9="","",IF(D9="Yes","Completed",IF(A9<Dashboard!$C$5,"Missed","Scheduled")))
H10: =IF(OR(F10="",G10="",F10=0),"",G10/F10) | J10: =IF(A10="","",IF(D10="Yes","Completed",IF(A10<Dashboard!$C$5,"Missed","Scheduled")))
H11: =IF(OR(F11="",G11="",F11=0),"",G11/F11) | J11: =IF(A11="","",IF(D11="Yes","Completed",IF(A11<Dashboard!$C$5,"Missed","Scheduled")))
H12: =IF(OR(F12="",G12="",F12=0),"",G12/F12) | J12: =IF(A12="","",IF(D12="Yes","Completed",IF(A12<Dashboard!$C$5,"Missed","Scheduled")))
H13: =IF(OR(F13="",G13="",F13=0),"",G13/F13) | J13: =IF(A13="","",IF(D13="Yes","Completed",IF(A13<Dashboard!$C$5,"Missed","Scheduled")))
H14: =IF(OR(F14="",G14="",F14=0),"",G14/F14) | J14: =IF(A14="","",IF(D14="Yes","Completed",IF(A14<Dashboard!$C$5,"Missed","Scheduled")))
H15: =IF(OR(F15="",G15="",F15=0),"",G15/F15) | J15: =IF(A15="","",IF(D15="Yes","Completed",IF(A15<Dashboard!$C$5,"Missed","Scheduled")))
H16: =IF(OR(F16="",G16="",F16=0),"",G16/F16) | J16: =IF(A16="","",IF(D16="Yes","Completed",IF(A16<Dashboard!$C$5,"Missed","Scheduled")))
H17: =IF(OR(F17="",G17="",F17=0),"",G17/F17) | J17: =IF(A17="","",IF(D17="Yes","Completed",IF(A17<Dashboard!$C$5,"Missed","Scheduled")))
... H34: =IF(OR(F34="",G34="",F34=0),"",G34/F34) | J34: =IF(A34="","",IF(D34="Yes","Completed",IF(A34<Dashboard!$C$5,"Missed","Scheduled")))

Sheet Lists
A1: Yes / No | B1: Yes / No / N/A | C1: Inspection status | D1: Hazard categories | E1: Incident types | F1: Severity | G1: Roles | H1: Training modules | I1: Drill types | J1: Equipment condition | K1: Score (1-5) | M1: Parameter | N1: Value
A2: Yes | B2: Yes | C2: Compliant | D2: Electrical systems | E2: Near miss | F2: Minor | G2: Head of Institution | H2: General laboratory safety | I2: Fire evacuation | J2: Good | K2: 1 | M2: Low risk: score up to | N2: 4
A3: No | B3: No | C3: Non-compliant | D3: Mechanical equipment | E3: Injury | F3: Moderate | G3: Head of Department | H3: Equipment operation | I3: Chemical spill | J3: Fair | K3: 2 | M3: Medium risk: score up to | N3: 9
B4: N/A | C4: N/A | D4: Chemicals | E4: Electrical accident | F4: Major | G4: Laboratory In-Charge | H4: Electrical safety | I4: Electrical accident | J4: Damaged | K4: 3 | M4: High risk: score up to | N4: 14
D5: Heat and fire | E5: Chemical spill | F5: Critical | G5: Faculty/Instructor | H5: Chemical safety | I5: Gas leak | J5: Out of service | K5: 4 | M5: (Above High = Critical, max 25)
D6: Pressure systems | E6: Fire | G6: Laboratory Technician | H6: Fire safety | I6: Injury / first aid | K6: 5 | M6: Inspection 'due soon' window (days) | N6: 14
D7: Sharp tools | E7: Gas leak | G7: Safety Officer/Committee | H7: Emergency response | M7: Training 'expiring' window (days) | N7: 30
D8: Moving machinery | E8: Equipment failure | G8: Student/Researcher | H8: PPE
D9: Radiation / lasers | E9: Unsafe condition | G9: Visitor/Contractor | H9: Waste management | M9: Yellow cells are editable. Thresholds follow a standard 5x5 likelihood x impact matrix; adjust to your institution's risk policy.
D10: Biological materials | H10: Incident reporting
D11: Compressed gases | H11: Specialized equipment hazards
D12: Electronic equipment
D13: High-voltage equipment
