Workbook

Sheet Instructions
A1: Electrical Accident Emergency – Monitoring Workbook
A2: Companion to the Electrical Accident Emergency SOP
A4: How to use
A5: Yellow cells, blue text | B5: Input cells – type or pick from the drop-down. Only edit these.
A6: Grey cells | B6: Auto-calculated formulas – do not overwrite.
A7: Green / amber / red | B7: Status highlighting is applied automatically.
A8: Sample data | B8: Each register holds example rows from an Electrical Machines Lab scenario so the Dashboard shows results. Overwrite or clear before use.
A9: Report date | B9: Dashboard C5 defaults to TODAY(). Overwrite with a fixed date to report as of that date.
A10: Sheets
A11: Dashboard | B11: SOP Section 20 KPIs with targets and automatic status, items needing attention, incidents by escalation level.
A12: Escalation Classifier | B12: SOP Section 10: answer yes/no questions to get Level 1–4 and who must be notified.
A13: Immediate Checklist | B13: SOP Section 22: 19-step checklist for a live incident, with completion tracking.
A14: Incident Log | B14: SOP Sections 3, 10 & 16: accidents, near misses and faults; isolation response time; RCA method; repeat flag.
A15: CAPA Register | B15: SOP Section 17: actions with due dates and effectiveness verification; closure counts only when verified.
A16: LOTO Register | B16: SOP Section 6: isolation, verification, lock/tag, re-energization authorization.
A17: Inspection Schedule | B17: SOP Sections 13 & 20: planned electrical inspections and tests; inspection compliance.
A18: Reopening Clearance | B18: SOP Section 19: lab may reopen only when all applicable conditions are met.
A19: RACI Matrix | B19: SOP Section 11: roles per activity, with an automatic check on accountability.
A20: Training Records | B20: SOP Section 15: role-based training, expiry and compliance.
A21: Drill Register | B21: Electrical safety drills planned vs completed.
A22: Lists | B22: Drop-down sources and adjustable parameters.
A25: Core principle: No laboratory experiment, workshop activity, equipment operation, academic schedule, or research objective shall take precedence over human life and electrical safety.

Sheet Dashboard
A1: Electrical Safety – KPI Dashboard
A2: SOP Section 20 – Key Performance Indicators (auto-calculated from the registers)
B4: Department / block | C4: Department of EEE
B5: Report date | C5: =TODAY() -> 46303
B6: Exposure measure (lab users in period) | C6: 400
A8: # | B8: KPI | C8: Formula | D8: Actual | E8: Target | F8: Direction | G8: Status | H8: SOP target
A9: 1 | B9: Electrical incident rate (per 100) | C9: Accidents + faults ÷ exposure × 100 | D9: =IFERROR((COUNT('Incident Log'!B5:B64)-COUNTIF('Incident Log'!H5:H64,"Near miss"))/C6*100,"") -> 0.5 | E9: 0.5 | F9: Lower is better | G9: =IF(D9="","No data",IF(D9<=E9,"On target","Action needed")) -> On target | H9: Declining
A10: 2 | B10: Near-miss reporting rate (per 100) | C10: Near misses ÷ exposure × 100 | D10: =IFERROR(COUNTIF('Incident Log'!H5:H64,"Near miss")/C6*100,"") -> 0.25 | E10: 0.25 | F10: Higher is better | G10: =IF(D10="","No data",IF(D10>=E10,"On target",IF(D10>=E10*0.9,"Watch","Action needed"))) -> On target | H10: Increasing initially
A11: 3 | B11: Avg emergency isolation response (min) | C11: Isolation time − verified incident time | D11: =IFERROR(AVERAGE('Incident Log'!E5:E64),"") -> 3.3333333 | E11: 2 | F11: Lower is better | G11: =IF(D11="","No data",IF(D11<=E11,"On target","Action needed")) -> Action needed | H11: Minimized
A12: 4 | B12: Electrical inspection compliance | C12: Completed ÷ planned inspections due × 100 | D12: =IFERROR((COUNTIF('Inspection Schedule'!G5:G154,"Completed")+COUNTIF('Inspection Schedule'!G5:G154,"Completed – failed"))/(COUNTIF('Inspection Schedule'!G5:G154,"Completed")+COUNTIF('Inspection Schedule'!G5:G154,"Completed – failed")+COUNTIF('Inspection Schedule'!G5:G154,"Missed")),"") -> 0.8 | E12: 0.95 | F12: Higher is better | G12: =IF(D12="","No data",IF(D12>=E12,"On target",IF(D12>=E12*0.9,"Watch","Action needed"))) -> Action needed | H12: ≥ 95%
A13: 5 | B13: Training compliance | C13: Current ÷ personnel requiring training × 100 | D13: =IFERROR(COUNTIF('Training Records'!I5:I154,"Current")/COUNTIF('Training Records'!D5:D154,"Yes"),"") -> 0.25 | E13: 1 | F13: Higher is better | G13: =IF(D13="","No data",IF(D13>=E13,"On target",IF(D13>=E13*0.9,"Watch","Action needed"))) -> Action needed | H13: 100%
A14: 6 | B14: Corrective action closure | C14: CAPAs closed (verified) ÷ CAPAs due × 100 | D14: =IFERROR(COUNTIFS('CAPA Register'!F5:F64,"<="&C5,'CAPA Register'!K5:K64,"Closed")/COUNTIFS('CAPA Register'!F5:F64,"<="&C5),"") -> 0.5 | E14: 0.95 | F14: Higher is better | G14: =IF(D14="","No data",IF(D14>=E14,"On target",IF(D14>=E14*0.9,"Watch","Action needed"))) -> Action needed | H14: ≥ 95%
A15: 7 | B15: Electrical safety drill completion | C15: Completed ÷ planned drills due × 100 | D15: =IFERROR(COUNTIF('Drill Register'!H5:H34,"Completed")/(COUNTIF('Drill Register'!H5:H34,"Completed")+COUNTIF('Drill Register'!H5:H34,"Missed")),"") -> 0.5 | E15: 1 | F15: Higher is better | G15: =IF(D15="","No data",IF(D15>=E15,"On target",IF(D15>=E15*0.9,"Watch","Action needed"))) -> Action needed | H15: 100%
A16: 8 | B16: Repeat incident rate | C16: Repeat incidents ÷ total incidents × 100 | D16: =IFERROR(COUNTIF('Incident Log'!T5:T64,"Yes")/COUNT('Incident Log'!B5:B64),"") -> 0.33333333 | E16: 0 | F16: Lower is better | G16: =IF(D16="","No data",IF(D16<=E16,"On target","Action needed")) -> Action needed | H16: Near zero
A17: 9 | B17: LOTO compliance | C17: Compliant ÷ LOTO applications × 100 | D17: =IFERROR(COUNTIF('LOTO Register'!N5:N64,"Compliant")/COUNTA('LOTO Register'!C5:C64),"") -> 0.5 | E17: 1 | F17: Higher is better | G17: =IF(D17="","No data",IF(D17>=E17,"On target",IF(D17>=E17*0.9,"Watch","Action needed"))) -> Action needed | H17: Section 6
B18: Numeric targets (yellow) are suggested where the SOP gives a direction only – set them to your institution's approved values.
B20: Items needing attention | C20: Source | D20: Count
B21: Overdue CAPAs | C21: CAPA Register | D21: =COUNTIF('CAPA Register'!K5:K64,"Overdue") -> 1
B22: CAPAs awaiting effectiveness verification | C22: CAPA Register | D22: =COUNTIF('CAPA Register'!K5:K64,"Awaiting verification") -> 0
B23: Level 3–4 incidents logged | C23: Incident Log | D23: =COUNTIF('Incident Log'!M5:M64,"Level 3 – Major")+COUNTIF('Incident Log'!M5:M64,"Level 4 – Critical") -> 0
B24: Isolation not by authorized person | C24: Incident Log | D24: =COUNTIF('Incident Log'!N5:N64,"No") -> 0
B25: Injuries without medical evaluation | C25: Incident Log | D25: =COUNTIFS('Incident Log'!O5:O64,"No",'Incident Log'!L5:L64,"<>None") -> 0
B26: Active LOTOs | C26: LOTO Register | D26: =COUNTIF('LOTO Register'!O5:O64,"Active") -> 1
B27: Non-compliant LOTOs | C27: LOTO Register | D27: =COUNTIF('LOTO Register'!N5:N64,"Non-compliant") -> 1
B28: Inspections missed | C28: Inspection Schedule | D28: =COUNTIF('Inspection Schedule'!G5:G154,"Missed") -> 1
B29: Inspections failed | C29: Inspection Schedule | D29: =COUNTIF('Inspection Schedule'!F5:F154,"Fail") -> 1
B30: Training expired / expiring / not trained | C30: Training Records | D30: =COUNTIF('Training Records'!I5:I154,"Expired")+COUNTIF('Training Records'!I5:I154,"Expiring")+COUNTIF('Training Records'!I5:I154,"Not trained") -> 3
B31: Drills missed | C31: Drill Register | D31: =COUNTIF('Drill Register'!H5:H34,"Missed") -> 1
B34: Escalation level | C34: Events logged
B35: Level 1 – Minor | C35: =COUNTIF('Incident Log'!M5:M64,B35) -> 1
B36: Level 2 – Significant | C36: =COUNTIF('Incident Log'!M5:M64,B36) -> 2
B37: Level 3 – Major | C37: =COUNTIF('Incident Log'!M5:M64,B37) -> 0
B38: Level 4 – Critical | C38: =COUNTIF('Incident Log'!M5:M64,B38) -> 0

Sheet Escalation Classifier
A1: Electrical Accident Escalation Classifier
A2: SOP Section 10 – life-threatening emergencies bypass intermediate levels
A4: # | B4: Question | C4: Answer | D4: Indicates
A5: 1 | B5: Fatality or multiple casualties? | C5: No | D5: =IF(C5="Yes","Level 4 – Critical","—") -> —
A6: 2 | B6: Major fire or explosion? | C6: No | D6: =IF(C6="Yes","Level 4 – Critical","—") -> —
A7: 3 | B7: Major campus disruption? | C7: No | D7: =IF(C7="Yes","Level 4 – Critical","—") -> —
A8: 4 | B8: Serious injury (e.g. unconscious, cardiac effect, significant burn)? | C8: No | D8: =IF(C8="Yes","Level 3 – Major","—") -> —
A9: 5 | B9: Major electrical fire? | C9: No | D9: =IF(C9="Yes","Level 3 – Major","—") -> —
A10: 6 | B10: Significant operational disruption? | C10: No | D10: =IF(C10="Yes","Level 3 – Major","—") -> —
A11: 7 | B11: Minor injury? | C11: Yes | D11: =IF(C11="Yes","Level 2 – Significant","—") -> Level 2 – Significant
A12: 8 | B12: Equipment damage? | C12: Yes | D12: =IF(C12="Yes","Level 2 – Significant","—") -> Level 2 – Significant
A13: 9 | B13: Localized fire or fault? | C13: No | D13: =IF(C13="Yes","Level 2 – Significant","—") -> —
A14: 10 | B14: Is anyone's life at immediate risk? | C14: No | D14: =IF(C14="Yes","Bypass – call emergency services now","—") -> —
B16: Questions unanswered | C16: =COUNTBLANK(C5:C14) -> 0
B17: Escalation level | C17: =IF(C16>0,"Complete all questions",IF(COUNTIF(C5:C7,"Yes")>0,"Level 4 – Critical",IF(COUNTIF(C8:C10,"Yes")>0,"Level 3 – Major",IF(COUNTIF(C11:C13,"Yes")>0,"Level 2 – Significant","Level 1 – Minor")))) -> Level 2 – Significant
B18: Response / notify | C18: =IF(C16>0,"",IF(C17="Level 4 – Critical","Institutional CMC + Head of Institution + Emergency/Statutory Authorities",IF(C17="Level 3 – Major","Crisis Coordinator + Crisis Management Committee + Head of Institution",IF(C17="Level 2 – Significant","Laboratory/Workshop Supervisor + Safety Officer","Local correction and maintenance reporting")))) -> Laboratory/Workshop Supervisor + Safety Officer
B19: Immediate emergency call | C19: =IF(C16>0,"",IF(OR(C14="Yes",C17="Level 4 – Critical",C17="Level 3 – Major"),"YES – call medical/emergency services immediately (bypass levels)","As needed – follow standard reporting")) -> As needed – follow standard reporting
B21: Severity takes the highest level any 'Yes' indicates. Never touch a person still in contact with an energized source.

Sheet Immediate Checklist
A1: Electrical Accident – Immediate Checklist
A2: SOP Section 22 – complete during and after the incident
A4: Incident ref | B4: EA-001
A5: Location | B5: Electrical Machines Lab
A6: Date | B6: 46283
A7: Completed by | B7: Lab In-Charge
A9: # | B9: Action | C9: Done? | D9: Time | E9: Done by / remarks
A10: 1 | B10: Stop work / experiment | C10: Yes
A11: 2 | B11: Raise emergency alarm | C11: Yes
A12: 3 | B12: Keep people away from the hazard | C12: Yes
A13: 4 | B13: Do not touch a person in contact with live electricity | C13: Yes
A14: 5 | B14: Isolate electrical energy safely | C14: Yes
A15: 6 | B15: Call emergency / medical assistance | C15: Yes
A16: 7 | B16: Confirm the area is safe before approaching the victim | C16: Yes
A17: 8 | B17: Provide appropriate first aid through trained personnel | C17: Yes
A18: 9 | B18: Control fire and secondary hazards | C18: Yes
A19: 10 | B19: Secure the affected area | C19: Yes
A20: 11 | B20: Notify the responsible authority | C20: Yes
A21: 12 | B21: Record the incident | C21: Yes
... A28: 19 | B28: Record lessons learned for CQI | C28: No
B30: Steps complete | C30: =COUNTIF(C10:C28,"Yes") -> 13
B31: Steps applicable | C31: =19-COUNTIF(C10:C28,"N/A") -> 19
B32: Completion | C32: =IFERROR(C30/C31,"") -> 0.68421053
B33: Status | C33: =IF(C30=C31,"CLOSED – all steps complete",IF(COUNTIF(C10:C15,"Yes")<6,"EMERGENCY PHASE OPEN","Follow-up in progress")) -> Follow-up in progress

Sheet Incident Log
A1: Electrical Incident & Near-Miss Log
A2: SOP Sections 3, 10, 16 – every accident, significant fault, near miss, fire, arc flash or equipment-related injury
A4: Ref | B4: Date | C4: Time verified | D4: Time power isolated | E4: Isolation response (min) | F4: Location | G4: Location type | H4: Event type | I4: Scenario | J4: Equipment / circuit | K4: Persons affected | L4: Injury | M4: Escalation level | N4: Isolated by authorized person? | O4: Medical evaluation done? | P4: Fire involved? | Q4: RCA method | R4: Root cause | S4: CAPA ref | T4: Repeat incident? | U4: Lab reopened (date) | V4: Description / remarks
A5: =IF(B5="","","EA-"&TEXT(ROW()-4,"000")) -> EA-001 | B5: 46283 | C5: 0.44583333 | D5: 0.44722222 | E5: =IF(OR(C5="",D5=""),"",ROUND(MOD(D5-C5,1)*1440,0)) -> 2 | F5: Electrical Machines Lab | G5: Electrical / EEE lab | H5: Accident | I5: Electric shock | J5: DC motor test bench terminal | K5: 1 | L5: Shock (no lasting injury) | M5: Level 2 – Significant | N5: Yes | O5: Yes | P5: No | Q5: 5 Why | R5: Worn terminal shroud exposed live conductor | S5: CA-001 | T5: No | U5: 46290 | V5: Student touched exposed terminal during rewiring; supply isolated via emergency stop
A6: =IF(B6="","","EA-"&TEXT(ROW()-4,"000")) -> EA-002 | B6: 46294 | C6: 0.58680556 | D6: 0.5875 | E6: =IF(OR(C6="",D6=""),"",ROUND(MOD(D6-C6,1)*1440,0)) -> 1 | F6: Power Electronics Lab | G6: Electrical / EEE lab | H6: Near miss | I6: Overload | J6: Bench socket strip | K6: 0 | L6: None | M6: Level 1 – Minor | N6: Yes | O6: N/A | P6: No | Q6: Equipment inspection | R6: Unauthorized adapter overloading socket | S6: CA-002 | T6: No | V6: Hot smell noticed; strip removed before damage
A7: =IF(B7="","","EA-"&TEXT(ROW()-4,"000")) -> EA-003 | B7: 46298 | C7: 0.47916667 | D7: 0.48402778 | E7: =IF(OR(C7="",D7=""),"",ROUND(MOD(D7-C7,1)*1440,0)) -> 7 | F7: Fabrication Area | G7: Student project / fabrication area | H7: Significant fault (no injury) | I7: Damaged cable or plug | J7: Soldering station lead | K7: 0 | L7: None | M7: Level 2 – Significant | N7: Yes | O7: N/A | P7: No | Q7: Maintenance-record review | R7: Cable insulation damaged; not in inspection plan | S7: CA-003 | T7: Yes | V7: Second cable fault in this area this term
A8: =IF(B8="","","EA-"&TEXT(ROW()-4,"000")) | E8: =IF(OR(C8="",D8=""),"",ROUND(MOD(D8-C8,1)*1440,0))
A9: =IF(B9="","","EA-"&TEXT(ROW()-4,"000")) | E9: =IF(OR(C9="",D9=""),"",ROUND(MOD(D9-C9,1)*1440,0))
A10: =IF(B10="","","EA-"&TEXT(ROW()-4,"000")) | E10: =IF(OR(C10="",D10=""),"",ROUND(MOD(D10-C10,1)*1440,0))
A11: =IF(B11="","","EA-"&TEXT(ROW()-4,"000")) | E11: =IF(OR(C11="",D11=""),"",ROUND(MOD(D11-C11,1)*1440,0))
A12: =IF(B12="","","EA-"&TEXT(ROW()-4,"000")) | E12: =IF(OR(C12="",D12=""),"",ROUND(MOD(D12-C12,1)*1440,0))
A13: =IF(B13="","","EA-"&TEXT(ROW()-4,"000")) | E13: =IF(OR(C13="",D13=""),"",ROUND(MOD(D13-C13,1)*1440,0))
A14: =IF(B14="","","EA-"&TEXT(ROW()-4,"000")) | E14: =IF(OR(C14="",D14=""),"",ROUND(MOD(D14-C14,1)*1440,0))
A15: =IF(B15="","","EA-"&TEXT(ROW()-4,"000")) | E15: =IF(OR(C15="",D15=""),"",ROUND(MOD(D15-C15,1)*1440,0))
A16: =IF(B16="","","EA-"&TEXT(ROW()-4,"000")) | E16: =IF(OR(C16="",D16=""),"",ROUND(MOD(D16-C16,1)*1440,0))
A17: =IF(B17="","","EA-"&TEXT(ROW()-4,"000")) | E17: =IF(OR(C17="",D17=""),"",ROUND(MOD(D17-C17,1)*1440,0))
A18: =IF(B18="","","EA-"&TEXT(ROW()-4,"000")) | E18: =IF(OR(C18="",D18=""),"",ROUND(MOD(D18-C18,1)*1440,0))
A19: =IF(B19="","","EA-"&TEXT(ROW()-4,"000")) | E19: =IF(OR(C19="",D19=""),"",ROUND(MOD(D19-C19,1)*1440,0))
... A64: =IF(B64="","","EA-"&TEXT(ROW()-4,"000")) | E64: =IF(OR(C64="",D64=""),"",ROUND(MOD(D64-C64,1)*1440,0))

Sheet CAPA Register
A1: Corrective & Preventive Action (CAPA) Register
A2: SOP Section 17 – a CAPA counts as closed only when effectiveness is verified
A4: CAPA ref | B4: Incident ref | C4: Finding | D4: Corrective / preventive action | E4: Responsible unit | F4: Due date | G4: Completed date | H4: Effectiveness verification method | I4: Verified effective? | J4: Verified by | K4: Status | L4: Days overdue | M4: Remarks
A5: =IF(C5="","","CA-"&TEXT(ROW()-4,"000")) -> CA-001 | B5: EA-001 | C5: Faulty protective device | D5: Replace terminal shrouds on all motor benches; add pre-start check | E5: Maintenance | F5: 46295 | G5: 46289 | H5: Functional test | I5: Yes | J5: Safety Officer | K5: =IF(C5="","",IF(AND(G5<>"",I5="Yes"),"Closed",IF(G5<>"","Awaiting verification",IF(F5="","No due date",IF(F5<Dashboard!$C$5,"Overdue",IF(F5-Dashboard!$C$5<=Lists!$Q$2,"Due soon","Open")))))) -> Closed | L5: =IF(K5="Overdue",Dashboard!$C$5-F5,"")
A6: =IF(C6="","","CA-"&TEXT(ROW()-4,"000")) -> CA-002 | B6: EA-002 | C6: Overloaded socket | D6: Remove unauthorized adapters; reconfigure bench load | E6: Electrical Team | F6: 46310 | H6: Load verification | K6: =IF(C6="","",IF(AND(G6<>"",I6="Yes"),"Closed",IF(G6<>"","Awaiting verification",IF(F6="","No due date",IF(F6<Dashboard!$C$5,"Overdue",IF(F6-Dashboard!$C$5<=Lists!$Q$2,"Due soon","Open")))))) -> Due soon | L6: =IF(K6="Overdue",Dashboard!$C$5-F6,"")
A7: =IF(C7="","","CA-"&TEXT(ROW()-4,"000")) -> CA-003 | B7: EA-003 | C7: Damaged cable | D7: Replace cable and inspect similar equipment in fabrication area | E7: Maintenance | F7: 46301 | H7: Inspection | K7: =IF(C7="","",IF(AND(G7<>"",I7="Yes"),"Closed",IF(G7<>"","Awaiting verification",IF(F7="","No due date",IF(F7<Dashboard!$C$5,"Overdue",IF(F7-Dashboard!$C$5<=Lists!$Q$2,"Due soon","Open")))))) -> Overdue | L7: =IF(K7="Overdue",Dashboard!$C$5-F7,"") -> 2
A8: =IF(C8="","","CA-"&TEXT(ROW()-4,"000")) -> CA-004 | B8: EA-003 | C8: Inadequate training | D8: Conduct electrical safety training for fabrication-area users | E8: Safety / IQAC | F8: 46326 | H8: Competency assessment | K8: =IF(C8="","",IF(AND(G8<>"",I8="Yes"),"Closed",IF(G8<>"","Awaiting verification",IF(F8="","No due date",IF(F8<Dashboard!$C$5,"Overdue",IF(F8-Dashboard!$C$5<=Lists!$Q$2,"Due soon","Open")))))) -> Open | L8: =IF(K8="Overdue",Dashboard!$C$5-F8,"")
A9: =IF(C9="","","CA-"&TEXT(ROW()-4,"000")) | K9: =IF(C9="","",IF(AND(G9<>"",I9="Yes"),"Closed",IF(G9<>"","Awaiting verification",IF(F9="","No due date",IF(F9<Dashboard!$C$5,"Overdue",IF(F9-Dashboard!$C$5<=Lists!$Q$2,"Due soon","Open")))))) | L9: =IF(K9="Overdue",Dashboard!$C$5-F9,"")
A10: =IF(C10="","","CA-"&TEXT(ROW()-4,"000")) | K10: =IF(C10="","",IF(AND(G10<>"",I10="Yes"),"Closed",IF(G10<>"","Awaiting verification",IF(F10="","No due date",IF(F10<Dashboard!$C$5,"Overdue",IF(F10-Dashboard!$C$5<=Lists!$Q$2,"Due soon","Open")))))) | L10: =IF(K10="Overdue",Dashboard!$C$5-F10,"")
A11: =IF(C11="","","CA-"&TEXT(ROW()-4,"000")) | K11: =IF(C11="","",IF(AND(G11<>"",I11="Yes"),"Closed",IF(G11<>"","Awaiting verification",IF(F11="","No due date",IF(F11<Dashboard!$C$5,"Overdue",IF(F11-Dashboard!$C$5<=Lists!$Q$2,"Due soon","Open")))))) | L11: =IF(K11="Overdue",Dashboard!$C$5-F11,"")
A12: =IF(C12="","","CA-"&TEXT(ROW()-4,"000")) | K12: =IF(C12="","",IF(AND(G12<>"",I12="Yes"),"Closed",IF(G12<>"","Awaiting verification",IF(F12="","No due date",IF(F12<Dashboard!$C$5,"Overdue",IF(F12-Dashboard!$C$5<=Lists!$Q$2,"Due soon","Open")))))) | L12: =IF(K12="Overdue",Dashboard!$C$5-F12,"")
A13: =IF(C13="","","CA-"&TEXT(ROW()-4,"000")) | K13: =IF(C13="","",IF(AND(G13<>"",I13="Yes"),"Closed",IF(G13<>"","Awaiting verification",IF(F13="","No due date",IF(F13<Dashboard!$C$5,"Overdue",IF(F13-Dashboard!$C$5<=Lists!$Q$2,"Due soon","Open")))))) | L13: =IF(K13="Overdue",Dashboard!$C$5-F13,"")
A14: =IF(C14="","","CA-"&TEXT(ROW()-4,"000")) | K14: =IF(C14="","",IF(AND(G14<>"",I14="Yes"),"Closed",IF(G14<>"","Awaiting verification",IF(F14="","No due date",IF(F14<Dashboard!$C$5,"Overdue",IF(F14-Dashboard!$C$5<=Lists!$Q$2,"Due soon","Open")))))) | L14: =IF(K14="Overdue",Dashboard!$C$5-F14,"")
A15: =IF(C15="","","CA-"&TEXT(ROW()-4,"000")) | K15: =IF(C15="","",IF(AND(G15<>"",I15="Yes"),"Closed",IF(G15<>"","Awaiting verification",IF(F15="","No due date",IF(F15<Dashboard!$C$5,"Overdue",IF(F15-Dashboard!$C$5<=Lists!$Q$2,"Due soon","Open")))))) | L15: =IF(K15="Overdue",Dashboard!$C$5-F15,"")
A16: =IF(C16="","","CA-"&TEXT(ROW()-4,"000")) | K16: =IF(C16="","",IF(AND(G16<>"",I16="Yes"),"Closed",IF(G16<>"","Awaiting verification",IF(F16="","No due date",IF(F16<Dashboard!$C$5,"Overdue",IF(F16-Dashboard!$C$5<=Lists!$Q$2,"Due soon","Open")))))) | L16: =IF(K16="Overdue",Dashboard!$C$5-F16,"")
A17: =IF(C17="","","CA-"&TEXT(ROW()-4,"000")) | K17: =IF(C17="","",IF(AND(G17<>"",I17="Yes"),"Closed",IF(G17<>"","Awaiting verification",IF(F17="","No due date",IF(F17<Dashboard!$C$5,"Overdue",IF(F17-Dashboard!$C$5<=Lists!$Q$2,"Due soon","Open")))))) | L17: =IF(K17="Overdue",Dashboard!$C$5-F17,"")
A18: =IF(C18="","","CA-"&TEXT(ROW()-4,"000")) | K18: =IF(C18="","",IF(AND(G18<>"",I18="Yes"),"Closed",IF(G18<>"","Awaiting verification",IF(F18="","No due date",IF(F18<Dashboard!$C$5,"Overdue",IF(F18-Dashboard!$C$5<=Lists!$Q$2,"Due soon","Open")))))) | L18: =IF(K18="Overdue",Dashboard!$C$5-F18,"")
A19: =IF(C19="","","CA-"&TEXT(ROW()-4,"000")) | K19: =IF(C19="","",IF(AND(G19<>"",I19="Yes"),"Closed",IF(G19<>"","Awaiting verification",IF(F19="","No due date",IF(F19<Dashboard!$C$5,"Overdue",IF(F19-Dashboard!$C$5<=Lists!$Q$2,"Due soon","Open")))))) | L19: =IF(K19="Overdue",Dashboard!$C$5-F19,"")
A20: =IF(C20="","","CA-"&TEXT(ROW()-4,"000")) | K20: =IF(C20="","",IF(AND(G20<>"",I20="Yes"),"Closed",IF(G20<>"","Awaiting verification",IF(F20="","No due date",IF(F20<Dashboard!$C$5,"Overdue",IF(F20-Dashboard!$C$5<=Lists!$Q$2,"Due soon","Open")))))) | L20: =IF(K20="Overdue",Dashboard!$C$5-F20,"")
... A64: =IF(C64="","","CA-"&TEXT(ROW()-4,"000")) | K64: =IF(C64="","",IF(AND(G64<>"",I64="Yes"),"Closed",IF(G64<>"","Awaiting verification",IF(F64="","No due date",IF(F64<Dashboard!$C$5,"Overdue",IF(F64-Dashboard!$C$5<=Lists!$Q$2,"Due soon","Open")))))) | L64: =IF(K64="Overdue",Dashboard!$C$5-F64,"")

Sheet LOTO Register
A1: Lockout / Tagout (LOTO) Register
A2: SOP Section 6 – authorized isolation, stored energy considered, isolation verified, no unauthorized re-energization
A4: LOTO no. | B4: Date applied | C4: Equipment / circuit | D4: Isolation point | E4: Authorized person | F4: On authorized list? | G4: Stored energy discharged? | H4: Isolation verified (zero energy)? | I4: Lock applied? | J4: Tag applied? | K4: Date removed | L4: Re-energization authorized by | M4: Inspected before return? | N4: Compliance status | O4: Status
A5: LT-014 | B5: 46283 | C5: DC motor test bench 3 | D5: DB-2 / MCB 7 | E5: M. Suresh (Electrician) | F5: Yes | G5: Yes | H5: Yes | I5: Yes | J5: Yes | K5: 46289 | L5: Lab In-Charge | M5: Yes | N5: =IF(C5="","",IF(AND(F5="Yes",OR(G5="Yes",G5="N/A"),H5="Yes",I5="Yes",J5="Yes",OR(K5="",AND(L5<>"",M5="Yes"))),"Compliant","Non-compliant")) -> Compliant | O5: =IF(C5="","",IF(K5="","Active","Closed")) -> Closed
A6: LT-015 | B6: 46298 | C6: Fabrication area socket ring | D6: DB-5 / MCB 3 | E6: R. Kumar (Technician) | F6: Yes | G6: N/A | H6: No | I6: Yes | J6: Yes | N6: =IF(C6="","",IF(AND(F6="Yes",OR(G6="Yes",G6="N/A"),H6="Yes",I6="Yes",J6="Yes",OR(K6="",AND(L6<>"",M6="Yes"))),"Compliant","Non-compliant")) -> Non-compliant | O6: =IF(C6="","",IF(K6="","Active","Closed")) -> Active
N7: =IF(C7="","",IF(AND(F7="Yes",OR(G7="Yes",G7="N/A"),H7="Yes",I7="Yes",J7="Yes",OR(K7="",AND(L7<>"",M7="Yes"))),"Compliant","Non-compliant")) | O7: =IF(C7="","",IF(K7="","Active","Closed"))
N8: =IF(C8="","",IF(AND(F8="Yes",OR(G8="Yes",G8="N/A"),H8="Yes",I8="Yes",J8="Yes",OR(K8="",AND(L8<>"",M8="Yes"))),"Compliant","Non-compliant")) | O8: =IF(C8="","",IF(K8="","Active","Closed"))
N9: =IF(C9="","",IF(AND(F9="Yes",OR(G9="Yes",G9="N/A"),H9="Yes",I9="Yes",J9="Yes",OR(K9="",AND(L9<>"",M9="Yes"))),"Compliant","Non-compliant")) | O9: =IF(C9="","",IF(K9="","Active","Closed"))
N10: =IF(C10="","",IF(AND(F10="Yes",OR(G10="Yes",G10="N/A"),H10="Yes",I10="Yes",J10="Yes",OR(K10="",AND(L10<>"",M10="Yes"))),"Compliant","Non-compliant")) | O10: =IF(C10="","",IF(K10="","Active","Closed"))
N11: =IF(C11="","",IF(AND(F11="Yes",OR(G11="Yes",G11="N/A"),H11="Yes",I11="Yes",J11="Yes",OR(K11="",AND(L11<>"",M11="Yes"))),"Compliant","Non-compliant")) | O11: =IF(C11="","",IF(K11="","Active","Closed"))
N12: =IF(C12="","",IF(AND(F12="Yes",OR(G12="Yes",G12="N/A"),H12="Yes",I12="Yes",J12="Yes",OR(K12="",AND(L12<>"",M12="Yes"))),"Compliant","Non-compliant")) | O12: =IF(C12="","",IF(K12="","Active","Closed"))
N13: =IF(C13="","",IF(AND(F13="Yes",OR(G13="Yes",G13="N/A"),H13="Yes",I13="Yes",J13="Yes",OR(K13="",AND(L13<>"",M13="Yes"))),"Compliant","Non-compliant")) | O13: =IF(C13="","",IF(K13="","Active","Closed"))
N14: =IF(C14="","",IF(AND(F14="Yes",OR(G14="Yes",G14="N/A"),H14="Yes",I14="Yes",J14="Yes",OR(K14="",AND(L14<>"",M14="Yes"))),"Compliant","Non-compliant")) | O14: =IF(C14="","",IF(K14="","Active","Closed"))
N15: =IF(C15="","",IF(AND(F15="Yes",OR(G15="Yes",G15="N/A"),H15="Yes",I15="Yes",J15="Yes",OR(K15="",AND(L15<>"",M15="Yes"))),"Compliant","Non-compliant")) | O15: =IF(C15="","",IF(K15="","Active","Closed"))
N16: =IF(C16="","",IF(AND(F16="Yes",OR(G16="Yes",G16="N/A"),H16="Yes",I16="Yes",J16="Yes",OR(K16="",AND(L16<>"",M16="Yes"))),"Compliant","Non-compliant")) | O16: =IF(C16="","",IF(K16="","Active","Closed"))
N17: =IF(C17="","",IF(AND(F17="Yes",OR(G17="Yes",G17="N/A"),H17="Yes",I17="Yes",J17="Yes",OR(K17="",AND(L17<>"",M17="Yes"))),"Compliant","Non-compliant")) | O17: =IF(C17="","",IF(K17="","Active","Closed"))
N18: =IF(C18="","",IF(AND(F18="Yes",OR(G18="Yes",G18="N/A"),H18="Yes",I18="Yes",J18="Yes",OR(K18="",AND(L18<>"",M18="Yes"))),"Compliant","Non-compliant")) | O18: =IF(C18="","",IF(K18="","Active","Closed"))
... N64: =IF(C64="","",IF(AND(F64="Yes",OR(G64="Yes",G64="N/A"),H64="Yes",I64="Yes",J64="Yes",OR(K64="",AND(L64<>"",M64="Yes"))),"Compliant","Non-compliant")) | O64: =IF(C64="","",IF(K64="","Active","Closed"))

Sheet Inspection Schedule
A1: Electrical Inspection & Testing Schedule
A2: Electrical Inspection Compliance = completed ÷ planned inspections due to date (Section 20)
A4: Asset / area | B4: Location | C4: Inspection type | D4: Planned date | E4: Date completed | F4: Result | G4: Inspection status | H4: Interval (days) | I4: Next due | J4: Inspected by | K4: Remarks
A5: Main DB – EEE block | B5: EEE block ground floor | C5: Distribution board inspection | D5: 46275 | E5: 46275 | F5: Pass | G5: =IF(D5="","",IF(E5<>"",IF(F5="Fail","Completed – failed","Completed"),IF(D5<Dashboard!$C$5,"Missed",IF(D5-Dashboard!$C$5<=Lists!$Q$2,"Due soon","Scheduled")))) -> Completed | H5: 180 | I5: =IF(OR(D5="",H5=""),"",IF(E5<>"",E5,D5)+H5) -> 46455 | J5: Electrical Team
A6: Electrical Machines Lab | B6: EEE block | C6: Earthing / grounding test | D6: 46277 | E6: 46277 | F6: Pass | G6: =IF(D6="","",IF(E6<>"",IF(F6="Fail","Completed – failed","Completed"),IF(D6<Dashboard!$C$5,"Missed",IF(D6-Dashboard!$C$5<=Lists!$Q$2,"Due soon","Scheduled")))) -> Completed | H6: 365 | I6: =IF(OR(D6="",H6=""),"",IF(E6<>"",E6,D6)+H6) -> 46642 | J6: Electrical Team
A7: Electrical Machines Lab | B7: EEE block | C7: RCD / ELCB trip test | D7: 46277 | E7: 46278 | F7: Pass | G7: =IF(D7="","",IF(E7<>"",IF(F7="Fail","Completed – failed","Completed"),IF(D7<Dashboard!$C$5,"Missed",IF(D7-Dashboard!$C$5<=Lists!$Q$2,"Due soon","Scheduled")))) -> Completed | H7: 90 | I7: =IF(OR(D7="",H7=""),"",IF(E7<>"",E7,D7)+H7) -> 46368 | J7: Electrical Team
A8: Motor test benches 1–6 | B8: Electrical Machines Lab | C8: Emergency stop test | D8: 46285 | E8: 46286 | F8: Fail | G8: =IF(D8="","",IF(E8<>"",IF(F8="Fail","Completed – failed","Completed"),IF(D8<Dashboard!$C$5,"Missed",IF(D8-Dashboard!$C$5<=Lists!$Q$2,"Due soon","Scheduled")))) -> Completed – failed | H8: 30 | I8: =IF(OR(D8="",H8=""),"",IF(E8<>"",E8,D8)+H8) -> 46316 | J8: Electrical Team | K8: Bench 4 e-stop slow to trip – repaired and retested
A9: Fabrication area | B9: Workshop block | C9: Cable & plug inspection | D9: 46295 | G9: =IF(D9="","",IF(E9<>"",IF(F9="Fail","Completed – failed","Completed"),IF(D9<Dashboard!$C$5,"Missed",IF(D9-Dashboard!$C$5<=Lists!$Q$2,"Due soon","Scheduled")))) -> Missed | H9: 90 | I9: =IF(OR(D9="",H9=""),"",IF(E9<>"",E9,D9)+H9) -> 46385 | J9: Electrical Team
A10: Power Electronics Lab | B10: EEE block | C10: Portable appliance test | D10: 46315 | G10: =IF(D10="","",IF(E10<>"",IF(F10="Fail","Completed – failed","Completed"),IF(D10<Dashboard!$C$5,"Missed",IF(D10-Dashboard!$C$5<=Lists!$Q$2,"Due soon","Scheduled")))) -> Due soon | H10: 180 | I10: =IF(OR(D10="",H10=""),"",IF(E10<>"",E10,D10)+H10) -> 46495 | J10: Electrical Team
G11: =IF(D11="","",IF(E11<>"",IF(F11="Fail","Completed – failed","Completed"),IF(D11<Dashboard!$C$5,"Missed",IF(D11-Dashboard!$C$5<=Lists!$Q$2,"Due soon","Scheduled")))) | I11: =IF(OR(D11="",H11=""),"",IF(E11<>"",E11,D11)+H11)
G12: =IF(D12="","",IF(E12<>"",IF(F12="Fail","Completed – failed","Completed"),IF(D12<Dashboard!$C$5,"Missed",IF(D12-Dashboard!$C$5<=Lists!$Q$2,"Due soon","Scheduled")))) | I12: =IF(OR(D12="",H12=""),"",IF(E12<>"",E12,D12)+H12)
G13: =IF(D13="","",IF(E13<>"",IF(F13="Fail","Completed – failed","Completed"),IF(D13<Dashboard!$C$5,"Missed",IF(D13-Dashboard!$C$5<=Lists!$Q$2,"Due soon","Scheduled")))) | I13: =IF(OR(D13="",H13=""),"",IF(E13<>"",E13,D13)+H13)
G14: =IF(D14="","",IF(E14<>"",IF(F14="Fail","Completed – failed","Completed"),IF(D14<Dashboard!$C$5,"Missed",IF(D14-Dashboard!$C$5<=Lists!$Q$2,"Due soon","Scheduled")))) | I14: =IF(OR(D14="",H14=""),"",IF(E14<>"",E14,D14)+H14)
G15: =IF(D15="","",IF(E15<>"",IF(F15="Fail","Completed – failed","Completed"),IF(D15<Dashboard!$C$5,"Missed",IF(D15-Dashboard!$C$5<=Lists!$Q$2,"Due soon","Scheduled")))) | I15: =IF(OR(D15="",H15=""),"",IF(E15<>"",E15,D15)+H15)
G16: =IF(D16="","",IF(E16<>"",IF(F16="Fail","Completed – failed","Completed"),IF(D16<Dashboard!$C$5,"Missed",IF(D16-Dashboard!$C$5<=Lists!$Q$2,"Due soon","Scheduled")))) | I16: =IF(OR(D16="",H16=""),"",IF(E16<>"",E16,D16)+H16)
G17: =IF(D17="","",IF(E17<>"",IF(F17="Fail","Completed – failed","Completed"),IF(D17<Dashboard!$C$5,"Missed",IF(D17-Dashboard!$C$5<=Lists!$Q$2,"Due soon","Scheduled")))) | I17: =IF(OR(D17="",H17=""),"",IF(E17<>"",E17,D17)+H17)
G18: =IF(D18="","",IF(E18<>"",IF(F18="Fail","Completed – failed","Completed"),IF(D18<Dashboard!$C$5,"Missed",IF(D18-Dashboard!$C$5<=Lists!$Q$2,"Due soon","Scheduled")))) | I18: =IF(OR(D18="",H18=""),"",IF(E18<>"",E18,D18)+H18)
G19: =IF(D19="","",IF(E19<>"",IF(F19="Fail","Completed – failed","Completed"),IF(D19<Dashboard!$C$5,"Missed",IF(D19-Dashboard!$C$5<=Lists!$Q$2,"Due soon","Scheduled")))) | I19: =IF(OR(D19="",H19=""),"",IF(E19<>"",E19,D19)+H19)
G20: =IF(D20="","",IF(E20<>"",IF(F20="Fail","Completed – failed","Completed"),IF(D20<Dashboard!$C$5,"Missed",IF(D20-Dashboard!$C$5<=Lists!$Q$2,"Due soon","Scheduled")))) | I20: =IF(OR(D20="",H20=""),"",IF(E20<>"",E20,D20)+H20)
G21: =IF(D21="","",IF(E21<>"",IF(F21="Fail","Completed – failed","Completed"),IF(D21<Dashboard!$C$5,"Missed",IF(D21-Dashboard!$C$5<=Lists!$Q$2,"Due soon","Scheduled")))) | I21: =IF(OR(D21="",H21=""),"",IF(E21<>"",E21,D21)+H21)
G22: =IF(D22="","",IF(E22<>"",IF(F22="Fail","Completed – failed","Completed"),IF(D22<Dashboard!$C$5,"Missed",IF(D22-Dashboard!$C$5<=Lists!$Q$2,"Due soon","Scheduled")))) | I22: =IF(OR(D22="",H22=""),"",IF(E22<>"",E22,D22)+H22)
... G154: =IF(D154="","",IF(E154<>"",IF(F154="Fail","Completed – failed","Completed"),IF(D154<Dashboard!$C$5,"Missed",IF(D154-Dashboard!$C$5<=Lists!$Q$2,"Due soon","Scheduled")))) | I154: =IF(OR(D154="",H154=""),"",IF(E154<>"",E154,D154)+H154)

Sheet Reopening Clearance
A1: Laboratory / Workshop Reopening Clearance
A2: SOP Section 19 – do not reopen merely because power has been restored
A4: Incident ref | B4: EA-001
A5: Laboratory / workshop | B5: =IFERROR(INDEX('Incident Log'!F5:F64,MATCH(B4,'Incident Log'!A5:A64,0)),"Ref not found") -> Electrical Machines Lab
A6: Serious incident (formal safety clearance needed)? | B6: No
A7: Clearance date | B7: 46290
A9: # | B9: Reopening condition | C9: Status | D9: Verified by / remarks
A10: 1 | B10: Electrical inspection completed | C10: Yes
A11: 2 | B11: Equipment inspection completed | C11: Yes
A12: 3 | B12: Protection-system verification | C12: Yes
A13: 4 | B13: Grounding / earthing verified | C13: Yes
A14: 5 | B14: Temporary hazards removed | C14: Yes
A15: 6 | B15: Corrective actions completed | C15: Yes
A16: 7 | B16: Authorization by competent authority | C16: Yes
A17: 8 | B17: Communication to users | C17: Yes
A18: 9 | B18: Reopening documented | C18: Yes
A19: 10 | B19: Formal safety clearance obtained (serious incidents) | C19: N/A
B21: Conditions met / applicable | C21: =COUNTIF(C10:C19,"Yes")&" / "&(10-COUNTIF(C10:C19,"N/A")) -> 9 / 9
B22: Decision | C22: =IF(COUNTBLANK(C10:C19)>0,"INCOMPLETE",IF(AND(B6="Yes",C19<>"Yes"),"NOT CLEARED – formal safety clearance required",IF(COUNTIF(C10:C19,"No")>0,"NOT CLEARED – keep closed","CLEARED TO REOPEN"))) -> CLEARED TO REOPEN

Sheet RACI Matrix
A1: Roles & Responsibilities – RACI
A2: SOP Section 11 – R Responsible · A Accountable · C Consulted · I Informed
A4: Activity | B4: Lab Faculty | C4: Technician | D4: Safety Officer | E4: Maintenance / Electrical Team | F4: Crisis Coordinator | G4: Head of Institution | H4: # Accountable | I4: Check
A5: Raise alarm | B5: R | C5: R | D5: A | E5: C | F5: I | G5: I | H5: =COUNTIF(B5:G5,"A") -> 1 | I5: =IF(H5=0,"No accountable owner",IF(H5>1,"Shared accountability – confirm",IF(COUNTIF(B5:G5,"R")=0,"No responsible role","OK"))) -> OK
A6: Stop experiment / work | B6: R | C6: R | D6: A | E6: C | F6: I | G6: I | H6: =COUNTIF(B6:G6,"A") -> 1 | I6: =IF(H6=0,"No accountable owner",IF(H6>1,"Shared accountability – confirm",IF(COUNTIF(B6:G6,"R")=0,"No responsible role","OK"))) -> OK
A7: Electrical isolation | B7: C | C7: C | D7: A | E7: R | F7: I | G7: I | H7: =COUNTIF(B7:G7,"A") -> 1 | I7: =IF(H7=0,"No accountable owner",IF(H7>1,"Shared accountability – confirm",IF(COUNTIF(B7:G7,"R")=0,"No responsible role","OK"))) -> OK
A8: First aid coordination | B8: R | C8: C | D8: A | E8: I | F8: C | G8: I | H8: =COUNTIF(B8:G8,"A") -> 1 | I8: =IF(H8=0,"No accountable owner",IF(H8>1,"Shared accountability – confirm",IF(COUNTIF(B8:G8,"R")=0,"No responsible role","OK"))) -> OK
A9: Area evacuation | B9: R | C9: R | D9: A | E9: C | F9: C | G9: I | H9: =COUNTIF(B9:G9,"A") -> 1 | I9: =IF(H9=0,"No accountable owner",IF(H9>1,"Shared accountability – confirm",IF(COUNTIF(B9:G9,"R")=0,"No responsible role","OK"))) -> OK
A10: Emergency communication | B10: C | C10: I | D10: C | E10: I | F10: R | G10: A | H10: =COUNTIF(B10:G10,"A") -> 1 | I10: =IF(H10=0,"No accountable owner",IF(H10>1,"Shared accountability – confirm",IF(COUNTIF(B10:G10,"R")=0,"No responsible role","OK"))) -> OK
A11: Equipment inspection | B11: C | C11: R | D11: A | E11: R | F11: I | G11: I | H11: =COUNTIF(B11:G11,"A") -> 1 | I11: =IF(H11=0,"No accountable owner",IF(H11>1,"Shared accountability – confirm",IF(COUNTIF(B11:G11,"R")=0,"No responsible role","OK"))) -> OK
A12: Incident reporting | B12: R | C12: R | D12: A | E12: C | F12: C | G12: I | H12: =COUNTIF(B12:G12,"A") -> 1 | I12: =IF(H12=0,"No accountable owner",IF(H12>1,"Shared accountability – confirm",IF(COUNTIF(B12:G12,"R")=0,"No responsible role","OK"))) -> OK
A13: Investigation | B13: C | C13: C | D13: R | E13: R | F13: A | G13: I | H13: =COUNTIF(B13:G13,"A") -> 1 | I13: =IF(H13=0,"No accountable owner",IF(H13>1,"Shared accountability – confirm",IF(COUNTIF(B13:G13,"R")=0,"No responsible role","OK"))) -> OK
A14: CAPA | B14: C | C14: C | D14: R | E14: R | F14: A | G14: A | H14: =COUNTIF(B14:G14,"A") -> 2 | I14: =IF(H14=0,"No accountable owner",IF(H14>1,"Shared accountability – confirm",IF(COUNTIF(B14:G14,"R")=0,"No responsible role","OK"))) -> Shared accountability – confirm
A15: Reopening authorization | B15: C | C15: C | D15: R | E15: R | F15: A | G15: A | H15: =COUNTIF(B15:G15,"A") -> 2 | I15: =IF(H15=0,"No accountable owner",IF(H15>1,"Shared accountability – confirm",IF(COUNTIF(B15:G15,"R")=0,"No responsible role","OK"))) -> Shared accountability – confirm
A17: The SOP lists two Accountable roles for CAPA and Reopening authorization; the check flags these so the institution can confirm the intended sign-off.

Sheet Training Records
A1: Electrical Safety Training & Competency Records
A2: SOP Section 15 – role-based and periodically refreshed
A4: Name | B4: ID / Staff no. | C4: Role | D4: Training required? | E4: Training module | F4: Date completed | G4: Validity (months) | H4: Expiry date | I4: Status | J4: Assessed competent? | K4: Remarks
A5: M. Suresh | B5: EL-007 | C5: Electrician | D5: Yes | E5: LOTO | F5: 46091 | G5: 12 | H5: =IF(OR(F5="",G5=""),"",EDATE(F5,G5)) -> 46456 | I5: =IF(A5="","",IF(D5="No","Not required",IF(H5="","Not trained",IF(H5<Dashboard!$C$5,"Expired",IF(H5-Dashboard!$C$5<=Lists!$Q$3,"Expiring","Current"))))) -> Current | J5: Yes
A6: Dr. A. Rao | B6: FA-112 | C6: Lab Faculty | D6: Yes | E6: CPR / AED (designated personnel) | F6: 45601 | G6: 24 | H6: =IF(OR(F6="",G6=""),"",EDATE(F6,G6)) -> 46331 | I6: =IF(A6="","",IF(D6="No","Not required",IF(H6="","Not trained",IF(H6<Dashboard!$C$5,"Expired",IF(H6-Dashboard!$C$5<=Lists!$Q$3,"Expiring","Current"))))) -> Expiring | J6: Yes
A7: R. Kumar | B7: LT-021 | C7: Technician | D7: Yes | E7: Electrical isolation | F7: 45950 | G7: 12 | H7: =IF(OR(F7="",G7=""),"",EDATE(F7,G7)) -> 46315 | I7: =IF(A7="","",IF(D7="No","Not required",IF(H7="","Not trained",IF(H7<Dashboard!$C$5,"Expired",IF(H7-Dashboard!$C$5<=Lists!$Q$3,"Expiring","Current"))))) -> Expiring | J7: Yes
A8: K. Priya | B8: 22A31A0412 | C8: Student | D8: Yes | E8: Electrical hazard recognition | G8: 12 | H8: =IF(OR(F8="",G8=""),"",EDATE(F8,G8)) | I8: =IF(A8="","",IF(D8="No","Not required",IF(H8="","Not trained",IF(H8<Dashboard!$C$5,"Expired",IF(H8-Dashboard!$C$5<=Lists!$Q$3,"Expiring","Current"))))) -> Not trained | J8: No | K8: Scheduled for next induction
H9: =IF(OR(F9="",G9=""),"",EDATE(F9,G9)) | I9: =IF(A9="","",IF(D9="No","Not required",IF(H9="","Not trained",IF(H9<Dashboard!$C$5,"Expired",IF(H9-Dashboard!$C$5<=Lists!$Q$3,"Expiring","Current")))))
H10: =IF(OR(F10="",G10=""),"",EDATE(F10,G10)) | I10: =IF(A10="","",IF(D10="No","Not required",IF(H10="","Not trained",IF(H10<Dashboard!$C$5,"Expired",IF(H10-Dashboard!$C$5<=Lists!$Q$3,"Expiring","Current")))))
H11: =IF(OR(F11="",G11=""),"",EDATE(F11,G11)) | I11: =IF(A11="","",IF(D11="No","Not required",IF(H11="","Not trained",IF(H11<Dashboard!$C$5,"Expired",IF(H11-Dashboard!$C$5<=Lists!$Q$3,"Expiring","Current")))))
H12: =IF(OR(F12="",G12=""),"",EDATE(F12,G12)) | I12: =IF(A12="","",IF(D12="No","Not required",IF(H12="","Not trained",IF(H12<Dashboard!$C$5,"Expired",IF(H12-Dashboard!$C$5<=Lists!$Q$3,"Expiring","Current")))))
H13: =IF(OR(F13="",G13=""),"",EDATE(F13,G13)) | I13: =IF(A13="","",IF(D13="No","Not required",IF(H13="","Not trained",IF(H13<Dashboard!$C$5,"Expired",IF(H13-Dashboard!$C$5<=Lists!$Q$3,"Expiring","Current")))))
H14: =IF(OR(F14="",G14=""),"",EDATE(F14,G14)) | I14: =IF(A14="","",IF(D14="No","Not required",IF(H14="","Not trained",IF(H14<Dashboard!$C$5,"Expired",IF(H14-Dashboard!$C$5<=Lists!$Q$3,"Expiring","Current")))))
H15: =IF(OR(F15="",G15=""),"",EDATE(F15,G15)) | I15: =IF(A15="","",IF(D15="No","Not required",IF(H15="","Not trained",IF(H15<Dashboard!$C$5,"Expired",IF(H15-Dashboard!$C$5<=Lists!$Q$3,"Expiring","Current")))))
H16: =IF(OR(F16="",G16=""),"",EDATE(F16,G16)) | I16: =IF(A16="","",IF(D16="No","Not required",IF(H16="","Not trained",IF(H16<Dashboard!$C$5,"Expired",IF(H16-Dashboard!$C$5<=Lists!$Q$3,"Expiring","Current")))))
H17: =IF(OR(F17="",G17=""),"",EDATE(F17,G17)) | I17: =IF(A17="","",IF(D17="No","Not required",IF(H17="","Not trained",IF(H17<Dashboard!$C$5,"Expired",IF(H17-Dashboard!$C$5<=Lists!$Q$3,"Expiring","Current")))))
H18: =IF(OR(F18="",G18=""),"",EDATE(F18,G18)) | I18: =IF(A18="","",IF(D18="No","Not required",IF(H18="","Not trained",IF(H18<Dashboard!$C$5,"Expired",IF(H18-Dashboard!$C$5<=Lists!$Q$3,"Expiring","Current")))))
H19: =IF(OR(F19="",G19=""),"",EDATE(F19,G19)) | I19: =IF(A19="","",IF(D19="No","Not required",IF(H19="","Not trained",IF(H19<Dashboard!$C$5,"Expired",IF(H19-Dashboard!$C$5<=Lists!$Q$3,"Expiring","Current")))))
H20: =IF(OR(F20="",G20=""),"",EDATE(F20,G20)) | I20: =IF(A20="","",IF(D20="No","Not required",IF(H20="","Not trained",IF(H20<Dashboard!$C$5,"Expired",IF(H20-Dashboard!$C$5<=Lists!$Q$3,"Expiring","Current")))))
... H154: =IF(OR(F154="",G154=""),"",EDATE(F154,G154)) | I154: =IF(A154="","",IF(D154="No","Not required",IF(H154="","Not trained",IF(H154<Dashboard!$C$5,"Expired",IF(H154-Dashboard!$C$5<=Lists!$Q$3,"Expiring","Current")))))

Sheet Drill Register
A1: Electrical Safety Drill Register
A2: Drill Completion = completed ÷ planned drills due to date (Section 20)
A4: Planned date | B4: Drill type | C4: Laboratory / area | D4: Conducted? | E4: Date conducted | F4: Participants | G4: Isolation achieved (min) | H4: Drill status | I4: Observations / improvements
A5: 46254 | B5: Electric shock response | C5: Electrical Machines Lab | D5: Yes | E5: 46254 | F5: 28 | G5: 1.5 | H5: =IF(A5="","",IF(D5="Yes","Completed",IF(A5<Dashboard!$C$5,"Missed","Scheduled"))) -> Completed | I5: Emergency stop location to be re-marked at bench height
A6: 46290 | B6: Electrical fire evacuation | C6: Fabrication Area | D6: No | H6: =IF(A6="","",IF(D6="Yes","Completed",IF(A6<Dashboard!$C$5,"Missed","Scheduled"))) -> Missed
A7: 46338 | B7: CPR / AED scenario | C7: EEE block | H7: =IF(A7="","",IF(D7="Yes","Completed",IF(A7<Dashboard!$C$5,"Missed","Scheduled"))) -> Scheduled
H8: =IF(A8="","",IF(D8="Yes","Completed",IF(A8<Dashboard!$C$5,"Missed","Scheduled")))
H9: =IF(A9="","",IF(D9="Yes","Completed",IF(A9<Dashboard!$C$5,"Missed","Scheduled")))
H10: =IF(A10="","",IF(D10="Yes","Completed",IF(A10<Dashboard!$C$5,"Missed","Scheduled")))
H11: =IF(A11="","",IF(D11="Yes","Completed",IF(A11<Dashboard!$C$5,"Missed","Scheduled")))
H12: =IF(A12="","",IF(D12="Yes","Completed",IF(A12<Dashboard!$C$5,"Missed","Scheduled")))
H13: =IF(A13="","",IF(D13="Yes","Completed",IF(A13<Dashboard!$C$5,"Missed","Scheduled")))
H14: =IF(A14="","",IF(D14="Yes","Completed",IF(A14<Dashboard!$C$5,"Missed","Scheduled")))
H15: =IF(A15="","",IF(D15="Yes","Completed",IF(A15<Dashboard!$C$5,"Missed","Scheduled")))
H16: =IF(A16="","",IF(D16="Yes","Completed",IF(A16<Dashboard!$C$5,"Missed","Scheduled")))
H17: =IF(A17="","",IF(D17="Yes","Completed",IF(A17<Dashboard!$C$5,"Missed","Scheduled")))
H18: =IF(A18="","",IF(D18="Yes","Completed",IF(A18<Dashboard!$C$5,"Missed","Scheduled")))
H19: =IF(A19="","",IF(D19="Yes","Completed",IF(A19<Dashboard!$C$5,"Missed","Scheduled")))
... H34: =IF(A34="","",IF(D34="Yes","Completed",IF(A34<Dashboard!$C$5,"Missed","Scheduled")))

Sheet Lists
A1: Yes / No | B1: Yes / No / N/A | C1: Pass / Fail | D1: Accident scenario | E1: Escalation level | F1: Event type | G1: Injury | H1: Location type | I1: RCA method | J1: Inspection type | K1: Training modules | L1: Responsible unit | M1: Drill type | N1: RACI | P1: Parameter | Q1: Value
A2: Yes | B2: Yes | C2: Pass | D2: Electric shock | E2: Level 1 – Minor | F2: Accident | G2: None | H2: Electrical / EEE lab | I2: 5 Why | J2: Earthing / grounding test | K2: Electrical hazard recognition | L2: Maintenance | M2: Electric shock response | N2: R | P2: 'Due soon' window (days) | Q2: 14
A3: No | B3: No | C3: Fail | D3: Electrocution | E3: Level 2 – Significant | F3: Near miss | G3: Shock (no lasting injury) | H3: ECE lab | I3: Fishbone / Ishikawa | J3: RCD / ELCB trip test | K3: Emergency shutdown | L3: Electrical Team | M3: Electrical fire evacuation | N3: A | P3: Training 'expiring' window (days) | Q3: 30
B4: N/A | D4: Electrical burn | E4: Level 3 – Major | F4: Significant fault (no injury) | G4: Burn | H4: Computer / network lab | I4: Fault Tree | J4: Insulation resistance test | K4: Electrical isolation | L4: Lab | M4: Emergency isolation | N4: C
D5: Arc flash / arc blast | E5: Level 4 – Critical | G5: Arc-flash injury | H5: Physics / applied science lab | I5: Event timeline | J5: Distribution board inspection | K5: LOTO | L5: Safety / IQAC | M5: Arc-flash response | N5: I
D6: Short circuit | G6: Eye injury | H6: Mechanical workshop | I6: Equipment inspection | J6: Cable & plug inspection | K6: Fire response | L6: Lab / Safety | M6: CPR / AED scenario
D7: Overload | G7: Hearing injury | H7: R&D lab | I7: Maintenance-record review | J7: Emergency stop test | K7: Emergency communication | L7: Safety Officer | M7: Tabletop exercise
D8: Exposed conductor | G8: Cardiac effect | H8: High-voltage lab | J8: Portable appliance test | K8: First aid awareness | L8: Crisis Coordinator
D9: Damaged cable or plug | G9: Secondary fall / impact | H9: Battery / energy-storage lab | J9: Thermographic survey | K9: CPR / AED (designated personnel)
D10: Faulty electrical equipment | G10: Fatality | H10: Testing & measurement lab | J10: Protective device verification | K10: Lab-specific electrical hazards
D11: Electrical panel failure | H11: Distribution panel / equipment room | K11: Incident reporting
D12: Battery incident | H12: Temporary experimental setup
D13: Water contacting electrical equipment | H13: Maintenance / utility area
D14: Electrical fire | H14: Student project / fabrication area
D15: Improper grounding / earthing
D16: Unauthorized electrical modification
