Workbook

Sheet Instructions
A1: Chemical Spill Management – Monitoring Workbook
A2: Companion to the Chemical Spill Management SOP
A4: How to use
A5: Yellow cells, blue text | B5: Input cells – type or pick from the drop-down. Only edit these.
A6: Grey cells | B6: Auto-calculated formulas – do not overwrite.
A7: Green / amber / red | B7: Status highlighting is applied automatically.
A8: Sample data | B8: Registers contain one example row; checklists contain sample answers so the Dashboard shows results. Overwrite or clear before use.
A9: Report date | B9: Dashboard C5 defaults to TODAY(). Overwrite with a fixed date to report as of that date.
A10: Parameters | B10: Inspection intervals and warning windows are on the Lists sheet (column O).
A11: Sheets
A12: Dashboard | B12: SOP Section 20 KPIs with targets and automatic status, action summary and spills-by-category chart.
A13: Spill Classifier | B13: SOP Sections 4 & 8: answer the questions to get the spill category, whether local cleanup is permitted, and the required actions.
A14: Spill Incident Log | B14: SOP Section 17 record fields, response time, CAPA tracking and repeat-spill flag (Section 18).
A15: Restoration Checklist | B15: SOP Section 16: post-spill decontamination and restoration; area released only when all steps are complete.
A16: Chemical Inventory | B16: SOP Sections 6 & 21: inventory with SDS availability and labelling compliance.
A17: Storage Inspection | B17: Chemical storage observations for the Storage Compliance KPI.
A18: Spill Kit Contents | B18: SOP Section 15: contents check for one spill kit.
A19: Spill Kit Inspections | B19: Spill-kit inspection schedule and completion (Section 15 & 20).
A20: Training Records | B20: SOP Section 19: personnel requiring training, completion and expiry.
A21: Emergency Drills | B21: Drill plan and completion with occupant accountability.
A22: Lists | B22: Drop-down sources and adjustable parameters.

Sheet Dashboard
A1: Chemical Spill Management – KPI Dashboard
A2: SOP Section 20 – Monitoring and KPIs (auto-calculated from the registers)
B4: Laboratory / department | C4: Department of Chemistry
B5: Report date | C5: =TODAY() -> 46298
B6: Lab users (population base for incident rate) | C6: 250
A8: # | B8: KPI | C8: Formula / measurement | D8: Actual | E8: Target | F8: Direction | G8: Status | H8: Frequency
A9: 1 | B9: Chemical safety training coverage | C9: Current ÷ personnel requiring training | D9: =IFERROR(COUNTIF('Training Records'!I5:I154,"Current")/COUNTIF('Training Records'!D5:D154,"Yes"),"") -> 0.5 | E9: 1 | F9: Higher is better | G9: =IF(D9="","No data",IF(D9>=E9,"On target",IF(D9>=E9*0.9,"Watch","Action needed"))) -> Action needed | H9: Quarterly/Semester
A10: 2 | B10: Spill-kit inspection compliance | C10: Completed ÷ planned inspections due to date | D10: =IFERROR(COUNTIF('Spill Kit Inspections'!G5:G124,"Completed")/(COUNTIF('Spill Kit Inspections'!G5:G124,"Completed")+COUNTIF('Spill Kit Inspections'!G5:G124,"Missed")),"") -> 1 | E10: 1 | F10: Higher is better | G10: =IF(D10="","No data",IF(D10>=E10,"On target",IF(D10>=E10*0.9,"Watch","Action needed"))) -> On target | H10: Monthly
A11: 3 | B11: SDS availability | C11: Chemicals with accessible SDS ÷ requiring SDS | D11: =IFERROR(COUNTIFS('Chemical Inventory'!I5:I104,"Yes",'Chemical Inventory'!J5:J104,"Yes")/COUNTIF('Chemical Inventory'!I5:I104,"Yes"),"") -> 0.75 | E11: 1 | F11: Higher is better | G11: =IF(D11="","No data",IF(D11>=E11,"On target",IF(D11>=E11*0.9,"Watch","Action needed"))) -> Action needed | H11: Periodic
A12: 4 | B12: Chemical labelling compliance | C12: Correctly labelled ÷ containers inspected | D12: =IFERROR(COUNTIF('Chemical Inventory'!K5:K104,"Yes")/(COUNTIF('Chemical Inventory'!K5:K104,"Yes")+COUNTIF('Chemical Inventory'!K5:K104,"No")),"") -> 0.75 | E12: 1 | F12: Higher is better | G12: =IF(D12="","No data",IF(D12>=E12,"On target",IF(D12>=E12*0.9,"Watch","Action needed"))) -> Action needed | H12: Monthly/Quarterly
A13: 5 | B13: Chemical storage compliance | C13: Compliant ÷ total storage observations | D13: =IFERROR(COUNTIF('Storage Inspection'!D5:D154,"Compliant")/(COUNTIF('Storage Inspection'!D5:D154,"Compliant")+COUNTIF('Storage Inspection'!D5:D154,"Non-compliant")),"") -> 0.9 | E13: 0.95 | F13: Higher is better | G13: =IF(D13="","No data",IF(D13>=E13,"On target",IF(D13>=E13*0.9,"Watch","Action needed"))) -> Watch | H13: Monthly
A14: 6 | B14: Average spill response time (min) | C14: Identification → notification / initial response | D14: =IFERROR(AVERAGE('Spill Incident Log'!E5:E54),"") -> 3 | E14: 5 | F14: Lower is better | G14: =IF(D14="","No data",IF(D14<=E14,"On target","Action needed")) -> On target | H14: Per incident
A15: 7 | B15: Spill incident rate (per 100 users) | C15: Spills ÷ lab users × 100 | D15: =IFERROR(COUNT('Spill Incident Log'!B5:B54)/C6*100,"") -> 0.4 | E15: 1 | F15: Lower is better | G15: =IF(D15="","No data",IF(D15<=E15,"On target","Action needed")) -> On target | H15: Periodic
A16: 8 | B16: CAPA closure rate | C16: CAPAs closed ÷ CAPAs due | D16: =IFERROR(COUNTIFS('Spill Incident Log'!U5:U54,"<="&C5,'Spill Incident Log'!Y5:Y54,"Closed")/COUNTIFS('Spill Incident Log'!U5:U54,"<="&C5),"") -> 1 | E16: 1 | F16: Higher is better | G16: =IF(D16="","No data",IF(D16>=E16,"On target",IF(D16>=E16*0.9,"Watch","Action needed"))) -> On target | H16: Monthly/Quarterly
A17: 9 | B17: Repeat spill rate | C17: Repeat spills ÷ total spills | D17: =IFERROR(COUNTIF('Spill Incident Log'!X5:X54,"Yes")/COUNT('Spill Incident Log'!B5:B54),"") -> 0 | E17: 0 | F17: Lower is better | G17: =IF(D17="","No data",IF(D17<=E17,"On target","Action needed")) -> On target | H17: Quarterly/Annual
A18: 10 | B18: Emergency drill completion | C18: Drills completed ÷ drills planned to date | D18: =IFERROR(COUNTIF('Emergency Drills'!J5:J34,"Completed")/(COUNTIF('Emergency Drills'!J5:J34,"Completed")+COUNTIF('Emergency Drills'!J5:J34,"Missed")),"") -> 1 | E18: 1 | F18: Higher is better | G18: =IF(D18="","No data",IF(D18>=E18,"On target",IF(D18>=E18*0.9,"Watch","Action needed"))) -> On target | H18: Annual
B19: Targets (yellow) are suggested defaults – set them to your institution's approved targets.
B21: Items needing attention | C21: Source | D21: Count
B22: Open corrective actions | C22: Spill Incident Log | D22: =COUNTIF('Spill Incident Log'!Y5:Y54,"Open")+COUNTIF('Spill Incident Log'!Y5:Y54,"CAPA not set") -> 0
B23: Overdue corrective actions | C23: Spill Incident Log | D23: =COUNTIF('Spill Incident Log'!Y5:Y54,"Overdue") -> 0
B24: Exposure incidents logged | C24: Spill Incident Log | D24: =COUNTIF('Spill Incident Log'!M5:M54,"Skin")+COUNTIF('Spill Incident Log'!M5:M54,"Eye")+COUNTIF('Spill Incident Log'!M5:M54,"Inhalation")+COUNTIF('Spill Incident Log'!M5:M54,"Ingestion") -> 0
B25: Chemicals with SDS missing | C25: Chemical Inventory | D25: =COUNTIFS('Chemical Inventory'!I5:I104,"Yes",'Chemical Inventory'!J5:J104,"No") -> 1
B26: Containers incorrectly labelled | C26: Chemical Inventory | D26: =COUNTIF('Chemical Inventory'!K5:K104,"No") -> 1
B27: Storage non-compliances | C27: Storage Inspection | D27: =COUNTIF('Storage Inspection'!D5:D154,"Non-compliant") -> 1
B28: Spill-kit inspections missed | C28: Spill Kit Inspections | D28: =COUNTIF('Spill Kit Inspections'!G5:G124,"Missed") -> 0
B29: Spill-kit status (contents check) | C29: Spill Kit Contents | D29: ='Spill Kit Contents'!C29 -> REPLENISH
B30: Training expired / expiring / not trained | C30: Training Records | D30: =COUNTIF('Training Records'!I5:I154,"Expired")+COUNTIF('Training Records'!I5:I154,"Expiring")+COUNTIF('Training Records'!I5:I154,"Not trained") -> 1
B33: Spill category | C33: Count
B34: Minor spill | C34: =COUNTIF('Spill Incident Log'!K5:K54,B34) -> 1
B35: Major spill | C35: =COUNTIF('Spill Incident Log'!K5:K54,B35) -> 0
B36: High-risk spill | C36: =COUNTIF('Spill Incident Log'!K5:K54,B36) -> 0
B37: Unknown spill | C37: =COUNTIF('Spill Incident Log'!K5:K54,B37) -> 0
B38: Exposure incident | C38: =COUNTIF('Spill Incident Log'!K5:K54,B38) -> 0

Sheet Spill Classifier
A1: Spill Classification & Emergency Assistance Decision
A2: SOP Sections 4 & 8 – classify on actual hazard, not merely volume
A4: # | B4: Assessment question (answer only if safe to assess) | C4: Answer | D4: Required action if this condition applies
A5: 1 | B5: Has the chemical been identified safely (label / SDS / known process)? | C5: Yes | D5: =IF(C5="","Answer required",IF(C5="No","If 'No': treat as hazardous; do not attempt routine cleanup; isolate and escalate.","—")) -> —
A6: 2 | B6: Has anyone had skin, eye, inhalation or ingestion exposure? | C6: No | D6: =IF(C6="","Answer required",IF(C6="Yes","Initiate exposure response (Section 12) and obtain medical assistance.","—")) -> —
A7: 3 | B7: Is there strong vapour, smoke or unusual odour? | C7: No | D7: =IF(C7="","Answer required",IF(C7="Yes","Evacuate / isolate and escalate.","—")) -> —
A8: 4 | B8: Is there fire or an immediate ignition risk? | C8: No | D8: =IF(C8="","Answer required",IF(C8="Yes","Activate emergency response and evacuate.","—")) -> —
A9: 5 | B9: Is the spill large, uncontrolled or rapidly spreading? | C9: No | D9: =IF(C9="","Answer required",IF(C9="Yes","Evacuate / isolate and obtain emergency assistance.","—")) -> —
A10: 6 | B10: Is the substance highly toxic, corrosive, reactive, flammable, explosive or oxidizing? | C10: No | D10: =IF(C10="","Answer required",IF(C10="Yes","Use specialized response arrangements.","—")) -> —
A11: 7 | B11: Is the spill entering a drain or the environment? | C11: No | D11: =IF(C11="","Answer required",IF(C11="Yes","Prevent further spread only if safe; notify responsible institutional authorities.","—")) -> —
A12: 8 | B12: Is a trained responder with correct PPE and a suitable spill kit available? | C12: Yes | D12: =IF(C12="","Answer required",IF(C12="No","If 'No': do not attempt cleanup; isolate and escalate.","—")) -> —
B14: Questions unanswered | C14: =COUNTBLANK(C5:C12) -> 0
B15: Spill category | C15: =IF(C14>0,"Complete all questions",IF(C6="Yes","Exposure incident",IF(C5="No","Unknown spill",IF(OR(C8="Yes",C10="Yes"),"High-risk spill",IF(OR(C7="Yes",C9="Yes"),"Major spill","Minor spill"))))) -> Minor spill
B16: Standard response (Section 4) | C16: =IF(C14>0,"",IF(C15="Minor spill","Controlled response using appropriate spill kit",IF(C15="Major spill","Isolate area and escalate to trained emergency responders",IF(C15="High-risk spill","Evacuate/isolate and obtain specialized emergency assistance",IF(C15="Unknown spill","Treat as hazardous; do not attempt routine cleanup","Immediate exposure response and medical evaluation"))))) -> Controlled response using appropriate spill kit
B17: Local cleanup by lab personnel permitted? | C17: =IF(C14>0,"",IF(AND(C15="Minor spill",C12="Yes"),"YES – follow minor-spill procedure (Section 10)","NO – isolate and escalate")) -> YES – follow minor-spill procedure (Section 10)
B18: Emergency assistance required? | C18: =IF(C14>0,"",IF(OR(C15<>"Minor spill",C12="No"),"YES – request emergency / specialized assistance","Not required – notify Laboratory In-Charge")) -> Not required – notify Laboratory In-Charge
B20: Precedence: exposure → unknown → high-risk (hazardous substance / fire) → major (vapour / large) → minor. Life safety always comes first; when in doubt, escalate.

Sheet Spill Incident Log
A1: Chemical Spill Incident Log & CAPA Tracker
A2: SOP Sections 17 & 18 – record, investigate, correct, verify closure
A4: Ref | B4: Date | C4: Time identified | D4: Time notified / response started | E4: Response time (min) | F4: Location | G4: Chemical | H4: Concentration | I4: Quantity (approx.) | J4: Source | K4: Spill category | L4: Persons involved | M4: Exposure | N4: Immediate action | O4: PPE used | P4: Emergency assistance? | Q4: Waste generated | R4: Cause (immediate / underlying) | S4: Corrective / preventive action | T4: Responsible person | U4: Due date | V4: Closure date | W4: Closure verified by | X4: Repeat spill? | Y4: CAPA status | Z4: Days to close
A5: =IF(B5="","","CS-"&TEXT(ROW()-4,"000")) -> CS-001 | B5: 46273 | C5: 0.47222222 | D5: 0.47430556 | E5: =IF(OR(C5="",D5=""),"",ROUND(MOD(D5-C5,1)*1440,0)) -> 3 | F5: Chemistry Lab 2 | G5: Acetone | H5: 99% | I5: 250 mL | J5: Container breakage | K5: Minor spill | L5: 1 student; technician responded | M5: None | N5: Area cordoned, ignition sources removed, absorbed with spill kit | O5: Nitrile gloves, goggles, lab coat | P5: No | Q5: Absorbent pads (1 bag) | R5: Bottle placed near bench edge; no secondary tray | S5: Provide bench trays; brief students on container placement | T5: Lab In-Charge | U5: 46295 | V5: 46287 | W5: Safety Officer | X5: No | Y5: =IF(B5="","",IF(V5<>"","Closed",IF(S5="","CAPA not set",IF(U5="","Open",IF(U5<Dashboard!$C$5,"Overdue","Open"))))) -> Closed | Z5: =IF(OR(B5="",V5=""),"",V5-B5) -> 14
A6: =IF(B6="","","CS-"&TEXT(ROW()-4,"000")) | E6: =IF(OR(C6="",D6=""),"",ROUND(MOD(D6-C6,1)*1440,0)) | Y6: =IF(B6="","",IF(V6<>"","Closed",IF(S6="","CAPA not set",IF(U6="","Open",IF(U6<Dashboard!$C$5,"Overdue","Open"))))) | Z6: =IF(OR(B6="",V6=""),"",V6-B6)
A7: =IF(B7="","","CS-"&TEXT(ROW()-4,"000")) | E7: =IF(OR(C7="",D7=""),"",ROUND(MOD(D7-C7,1)*1440,0)) | Y7: =IF(B7="","",IF(V7<>"","Closed",IF(S7="","CAPA not set",IF(U7="","Open",IF(U7<Dashboard!$C$5,"Overdue","Open"))))) | Z7: =IF(OR(B7="",V7=""),"",V7-B7)
A8: =IF(B8="","","CS-"&TEXT(ROW()-4,"000")) | E8: =IF(OR(C8="",D8=""),"",ROUND(MOD(D8-C8,1)*1440,0)) | Y8: =IF(B8="","",IF(V8<>"","Closed",IF(S8="","CAPA not set",IF(U8="","Open",IF(U8<Dashboard!$C$5,"Overdue","Open"))))) | Z8: =IF(OR(B8="",V8=""),"",V8-B8)
A9: =IF(B9="","","CS-"&TEXT(ROW()-4,"000")) | E9: =IF(OR(C9="",D9=""),"",ROUND(MOD(D9-C9,1)*1440,0)) | Y9: =IF(B9="","",IF(V9<>"","Closed",IF(S9="","CAPA not set",IF(U9="","Open",IF(U9<Dashboard!$C$5,"Overdue","Open"))))) | Z9: =IF(OR(B9="",V9=""),"",V9-B9)
A10: =IF(B10="","","CS-"&TEXT(ROW()-4,"000")) | E10: =IF(OR(C10="",D10=""),"",ROUND(MOD(D10-C10,1)*1440,0)) | Y10: =IF(B10="","",IF(V10<>"","Closed",IF(S10="","CAPA not set",IF(U10="","Open",IF(U10<Dashboard!$C$5,"Overdue","Open"))))) | Z10: =IF(OR(B10="",V10=""),"",V10-B10)
A11: =IF(B11="","","CS-"&TEXT(ROW()-4,"000")) | E11: =IF(OR(C11="",D11=""),"",ROUND(MOD(D11-C11,1)*1440,0)) | Y11: =IF(B11="","",IF(V11<>"","Closed",IF(S11="","CAPA not set",IF(U11="","Open",IF(U11<Dashboard!$C$5,"Overdue","Open"))))) | Z11: =IF(OR(B11="",V11=""),"",V11-B11)
A12: =IF(B12="","","CS-"&TEXT(ROW()-4,"000")) | E12: =IF(OR(C12="",D12=""),"",ROUND(MOD(D12-C12,1)*1440,0)) | Y12: =IF(B12="","",IF(V12<>"","Closed",IF(S12="","CAPA not set",IF(U12="","Open",IF(U12<Dashboard!$C$5,"Overdue","Open"))))) | Z12: =IF(OR(B12="",V12=""),"",V12-B12)
A13: =IF(B13="","","CS-"&TEXT(ROW()-4,"000")) | E13: =IF(OR(C13="",D13=""),"",ROUND(MOD(D13-C13,1)*1440,0)) | Y13: =IF(B13="","",IF(V13<>"","Closed",IF(S13="","CAPA not set",IF(U13="","Open",IF(U13<Dashboard!$C$5,"Overdue","Open"))))) | Z13: =IF(OR(B13="",V13=""),"",V13-B13)
A14: =IF(B14="","","CS-"&TEXT(ROW()-4,"000")) | E14: =IF(OR(C14="",D14=""),"",ROUND(MOD(D14-C14,1)*1440,0)) | Y14: =IF(B14="","",IF(V14<>"","Closed",IF(S14="","CAPA not set",IF(U14="","Open",IF(U14<Dashboard!$C$5,"Overdue","Open"))))) | Z14: =IF(OR(B14="",V14=""),"",V14-B14)
A15: =IF(B15="","","CS-"&TEXT(ROW()-4,"000")) | E15: =IF(OR(C15="",D15=""),"",ROUND(MOD(D15-C15,1)*1440,0)) | Y15: =IF(B15="","",IF(V15<>"","Closed",IF(S15="","CAPA not set",IF(U15="","Open",IF(U15<Dashboard!$C$5,"Overdue","Open"))))) | Z15: =IF(OR(B15="",V15=""),"",V15-B15)
A16: =IF(B16="","","CS-"&TEXT(ROW()-4,"000")) | E16: =IF(OR(C16="",D16=""),"",ROUND(MOD(D16-C16,1)*1440,0)) | Y16: =IF(B16="","",IF(V16<>"","Closed",IF(S16="","CAPA not set",IF(U16="","Open",IF(U16<Dashboard!$C$5,"Overdue","Open"))))) | Z16: =IF(OR(B16="",V16=""),"",V16-B16)
A17: =IF(B17="","","CS-"&TEXT(ROW()-4,"000")) | E17: =IF(OR(C17="",D17=""),"",ROUND(MOD(D17-C17,1)*1440,0)) | Y17: =IF(B17="","",IF(V17<>"","Closed",IF(S17="","CAPA not set",IF(U17="","Open",IF(U17<Dashboard!$C$5,"Overdue","Open"))))) | Z17: =IF(OR(B17="",V17=""),"",V17-B17)
... A54: =IF(B54="","","CS-"&TEXT(ROW()-4,"000")) | E54: =IF(OR(C54="",D54=""),"",ROUND(MOD(D54-C54,1)*1440,0)) | Y54: =IF(B54="","",IF(V54<>"","Closed",IF(S54="","CAPA not set",IF(U54="","Open",IF(U54<Dashboard!$C$5,"Overdue","Open"))))) | Z54: =IF(OR(B54="",V54=""),"",V54-B54)

Sheet Restoration Checklist
A1: Post-Spill Decontamination & Restoration Checklist
A2: SOP Section 16 – remove access restrictions only after authorization
A4: Incident ref | B4: CS-001
A5: Incident details | B5: =IFERROR(INDEX('Spill Incident Log'!G5:G54,MATCH(B4,'Spill Incident Log'!A5:A54,0))&" – "&INDEX('Spill Incident Log'!F5:F54,MATCH(B4,'Spill Incident Log'!A5:A54,0))&" – "&TEXT(INDEX('Spill Incident Log'!B5:B54,MATCH(B4,'Spill Incident Log'!A5:A54,0)),"dd-mmm-yyyy"),"Ref not found in Spill Incident Log") -> Acetone – Chemistry Lab 2 – 08-Sep-2026
A7: # | B7: Restoration step | C7: Done? | D7: Completed by / remarks
A8: 1 | B8: Immediate hazard removed or controlled | C8: Yes
A9: 2 | B9: Contaminated materials appropriately contained | C9: Yes
A10: 3 | B10: Chemical waste disposed through approved institutional process | C10: Yes
A11: 4 | B11: Equipment and surfaces decontaminated using approved method | C11: Yes
A12: 5 | B12: Affected equipment inspected before return to service | C12: Yes
A13: 6 | B13: Used spill-kit materials replaced | C13: Yes
A14: 7 | B14: Safety signage and emergency equipment restored | C14: Yes
A15: 8 | B15: Restoration documented | C15: Yes
A16: 9 | B16: Authorization obtained to remove access restrictions | C16: Yes
B18: Steps completed | C18: =COUNTIF(C8:C16,"Yes")&" / 9" -> 9 / 9
B19: Completion | C19: =COUNTIF(C8:C16,"Yes")/9 -> 1
B20: Area status | C20: =IF(COUNTIF(C8:C16,"Yes")=9,"RELEASED FOR USE","RESTRICTED – do not re-enter") -> RELEASED FOR USE

Sheet Chemical Inventory
A1: Chemical Inventory, SDS & Labelling Register
A2: SOP Sections 6 & 21 – updated inventory, accessible SDS, correct hazard labels
A4: Item ID | B4: Chemical name | C4: CAS no. | D4: Hazard class | E4: Physical form | F4: Location / cabinet | G4: Quantity | H4: Unit | I4: SDS required? | J4: SDS accessible? | K4: Container correctly labelled? | L4: Compatible storage? | M4: Compliance status | N4: Remarks
A5: CH-001 | B5: Acetone | C5: 67-64-1 | D5: Flammable | E5: Volatile liquid | F5: Flammables cabinet A | G5: 2.5 | H5: L | I5: Yes | J5: Yes | K5: Yes | L5: Yes | M5: =IF(B5="","",IF(AND(OR(I5="No",J5="Yes"),K5="Yes",L5="Yes"),"Compliant",IF(OR(J5="",K5="",L5=""),"Incomplete","Action needed"))) -> Compliant
A6: CH-002 | B6: Hydrochloric acid 35% | C6: 7647-01-0 | D6: Corrosive | E6: Liquid | F6: Acid cabinet B | G6: 2 | H6: L | I6: Yes | J6: Yes | K6: Yes | L6: Yes | M6: =IF(B6="","",IF(AND(OR(I6="No",J6="Yes"),K6="Yes",L6="Yes"),"Compliant",IF(OR(J6="",K6="",L6=""),"Incomplete","Action needed"))) -> Compliant
A7: CH-003 | B7: Sodium hydroxide pellets | C7: 1310-73-2 | D7: Corrosive | E7: Solid | F7: Base shelf C | G7: 1 | H7: kg | I7: Yes | J7: Yes | K7: No | L7: Yes | M7: =IF(B7="","",IF(AND(OR(I7="No",J7="Yes"),K7="Yes",L7="Yes"),"Compliant",IF(OR(J7="",K7="",L7=""),"Incomplete","Action needed"))) -> Action needed | N7: Label faded – relabel
A8: CH-004 | B8: Potassium permanganate | C8: 7722-64-7 | D8: Oxidizing | E8: Solid | F8: Oxidizer shelf D | G8: 0.5 | H8: kg | I8: Yes | J8: No | K8: Yes | L8: Yes | M8: =IF(B8="","",IF(AND(OR(I8="No",J8="Yes"),K8="Yes",L8="Yes"),"Compliant",IF(OR(J8="",K8="",L8=""),"Incomplete","Action needed"))) -> Action needed | N8: SDS copy missing in lab file
M9: =IF(B9="","",IF(AND(OR(I9="No",J9="Yes"),K9="Yes",L9="Yes"),"Compliant",IF(OR(J9="",K9="",L9=""),"Incomplete","Action needed")))
M10: =IF(B10="","",IF(AND(OR(I10="No",J10="Yes"),K10="Yes",L10="Yes"),"Compliant",IF(OR(J10="",K10="",L10=""),"Incomplete","Action needed")))
M11: =IF(B11="","",IF(AND(OR(I11="No",J11="Yes"),K11="Yes",L11="Yes"),"Compliant",IF(OR(J11="",K11="",L11=""),"Incomplete","Action needed")))
M12: =IF(B12="","",IF(AND(OR(I12="No",J12="Yes"),K12="Yes",L12="Yes"),"Compliant",IF(OR(J12="",K12="",L12=""),"Incomplete","Action needed")))
M13: =IF(B13="","",IF(AND(OR(I13="No",J13="Yes"),K13="Yes",L13="Yes"),"Compliant",IF(OR(J13="",K13="",L13=""),"Incomplete","Action needed")))
M14: =IF(B14="","",IF(AND(OR(I14="No",J14="Yes"),K14="Yes",L14="Yes"),"Compliant",IF(OR(J14="",K14="",L14=""),"Incomplete","Action needed")))
M15: =IF(B15="","",IF(AND(OR(I15="No",J15="Yes"),K15="Yes",L15="Yes"),"Compliant",IF(OR(J15="",K15="",L15=""),"Incomplete","Action needed")))
M16: =IF(B16="","",IF(AND(OR(I16="No",J16="Yes"),K16="Yes",L16="Yes"),"Compliant",IF(OR(J16="",K16="",L16=""),"Incomplete","Action needed")))
M17: =IF(B17="","",IF(AND(OR(I17="No",J17="Yes"),K17="Yes",L17="Yes"),"Compliant",IF(OR(J17="",K17="",L17=""),"Incomplete","Action needed")))
M18: =IF(B18="","",IF(AND(OR(I18="No",J18="Yes"),K18="Yes",L18="Yes"),"Compliant",IF(OR(J18="",K18="",L18=""),"Incomplete","Action needed")))
M19: =IF(B19="","",IF(AND(OR(I19="No",J19="Yes"),K19="Yes",L19="Yes"),"Compliant",IF(OR(J19="",K19="",L19=""),"Incomplete","Action needed")))
M20: =IF(B20="","",IF(AND(OR(I20="No",J20="Yes"),K20="Yes",L20="Yes"),"Compliant",IF(OR(J20="",K20="",L20=""),"Incomplete","Action needed")))
... M104: =IF(B104="","",IF(AND(OR(I104="No",J104="Yes"),K104="Yes",L104="Yes"),"Compliant",IF(OR(J104="",K104="",L104=""),"Incomplete","Action needed")))

Sheet Storage Inspection
A1: Chemical Storage Inspection Log
A2: Each row is one observation – Storage Compliance = compliant observations ÷ total observations
A4: Inspection date | B4: Location / store | C4: Observation item | D4: Result | E4: Finding / remarks | F4: Action owner | G4: Target date
A5: 46290 | B5: Chemistry Lab 2 store | C5: Segregation by compatibility | D5: Compliant
A6: 46290 | B6: Chemistry Lab 2 store | C6: Flammables in approved cabinet | D6: Compliant
A7: 46290 | B7: Chemistry Lab 2 store | C7: Corrosives stored low / in trays | D7: Compliant
A8: 46290 | B8: Chemistry Lab 2 store | C8: Secondary containment provided | D8: Non-compliant | E8: No secondary trays under acid bottles | F8: Lab Technician | G8: 46305
A9: 46290 | B9: Chemistry Lab 2 store | C9: Containers sealed and undamaged | D9: Compliant
A10: 46290 | B10: Chemistry Lab 2 store | C10: Shelves not overloaded | D10: Compliant
A11: 46290 | B11: Chemistry Lab 2 store | C11: Ventilation of store adequate | D11: Compliant
A12: 46290 | B12: Chemistry Lab 2 store | C12: No chemicals on floor / walkways | D12: Compliant
A13: 46290 | B13: Chemistry Lab 2 store | C13: Quantity within permitted limits | D13: Compliant
A14: 46290 | B14: Chemistry Lab 2 store | C14: Hazard signage displayed | D14: Compliant

Sheet Spill Kit Contents
A1: Spill Kit Contents Checklist
A2: SOP Section 15 – Available → Accessible → Clearly identified → Inspected → Replenished → Reviewed
A4: Kit ID | B4: SK-01
A5: Location | B5: Chemistry Lab 2 – near exit
A6: Check date | B6: 46290
A7: Checked by | B7: Lab Technician
A9: # | B9: Kit item | C9: Present & serviceable? | D9: Remarks / replenishment
A10: 1 | B10: Appropriate absorbent materials | C10: Yes
A11: 2 | B11: Chemical-resistant waste bags / containers | C11: Yes
A12: 3 | B12: Disposable tools appropriate to the chemical | C12: Yes
A13: 4 | B13: Chemical-resistant gloves | C13: Yes
A14: 5 | B14: Goggles / face protection | C14: Yes
A15: 6 | B15: Protective clothing | C15: Yes
A16: 7 | B16: Warning / barrier tape | C16: Yes
A17: 8 | B17: Hazard labels | C17: No | D17: Hazard labels used in Sept spill – reorder
A18: 9 | B18: Waste labels | C18: Yes
A19: 10 | B19: Compatible containment materials | C19: Yes
A20: 11 | B20: Neutralizing materials (only where approved) | C20: N/A
A21: 12 | B21: Emergency instructions | C21: Yes
A22: 13 | B22: SDS access | C22: Yes
A23: 14 | B23: Kit clearly identified and signposted | C23: Yes
A24: 15 | B24: Kit accessible (not obstructed / locked) | C24: Yes
B26: Items applicable | C26: =COUNTIF(C10:C24,"Yes")+COUNTIF(C10:C24,"No") -> 14
B27: Items present | C27: =COUNTIF(C10:C24,"Yes") -> 13
B28: Kit completeness | C28: =IFERROR(C27/C26,"") -> 0.92857143
B29: Kit status | C29: =IF(COUNTBLANK(C10:C24)>0,"INCOMPLETE CHECK",IF(C27=C26,"READY","REPLENISH")) -> REPLENISH

Sheet Spill Kit Inspections
A1: Spill Kit Inspection Schedule & Log
A2: Spill-Kit Inspection Compliance = inspections completed ÷ inspections planned (Section 20)
A4: Kit ID | B4: Location | C4: Planned date | D4: Date inspected | E4: Contents complete? | F4: Replenished (if needed)? | G4: Inspection status | H4: Next planned | I4: Inspected by / remarks
A5: SK-01 | B5: Chemistry Lab 2 – near exit | C5: 46259 | D5: 46260 | E5: Yes | F5: N/A | G5: =IF(C5="","",IF(D5<>"","Completed",IF(C5<Dashboard!$C$5,"Missed",IF(C5-Dashboard!$C$5<=Lists!$O$3,"Due soon","Scheduled")))) -> Completed | H5: =IF(C5="","",IF(D5<>"",D5,C5)+Lists!$O$2) -> 46290 | I5: Lab Technician
A6: SK-01 | B6: Chemistry Lab 2 – near exit | C6: 46290 | D6: 46290 | E6: No | F6: No | G6: =IF(C6="","",IF(D6<>"","Completed",IF(C6<Dashboard!$C$5,"Missed",IF(C6-Dashboard!$C$5<=Lists!$O$3,"Due soon","Scheduled")))) -> Completed | H6: =IF(C6="","",IF(D6<>"",D6,C6)+Lists!$O$2) -> 46320 | I6: Lab Technician – hazard labels to be reordered
G7: =IF(C7="","",IF(D7<>"","Completed",IF(C7<Dashboard!$C$5,"Missed",IF(C7-Dashboard!$C$5<=Lists!$O$3,"Due soon","Scheduled")))) | H7: =IF(C7="","",IF(D7<>"",D7,C7)+Lists!$O$2)
G8: =IF(C8="","",IF(D8<>"","Completed",IF(C8<Dashboard!$C$5,"Missed",IF(C8-Dashboard!$C$5<=Lists!$O$3,"Due soon","Scheduled")))) | H8: =IF(C8="","",IF(D8<>"",D8,C8)+Lists!$O$2)
G9: =IF(C9="","",IF(D9<>"","Completed",IF(C9<Dashboard!$C$5,"Missed",IF(C9-Dashboard!$C$5<=Lists!$O$3,"Due soon","Scheduled")))) | H9: =IF(C9="","",IF(D9<>"",D9,C9)+Lists!$O$2)
G10: =IF(C10="","",IF(D10<>"","Completed",IF(C10<Dashboard!$C$5,"Missed",IF(C10-Dashboard!$C$5<=Lists!$O$3,"Due soon","Scheduled")))) | H10: =IF(C10="","",IF(D10<>"",D10,C10)+Lists!$O$2)
G11: =IF(C11="","",IF(D11<>"","Completed",IF(C11<Dashboard!$C$5,"Missed",IF(C11-Dashboard!$C$5<=Lists!$O$3,"Due soon","Scheduled")))) | H11: =IF(C11="","",IF(D11<>"",D11,C11)+Lists!$O$2)
G12: =IF(C12="","",IF(D12<>"","Completed",IF(C12<Dashboard!$C$5,"Missed",IF(C12-Dashboard!$C$5<=Lists!$O$3,"Due soon","Scheduled")))) | H12: =IF(C12="","",IF(D12<>"",D12,C12)+Lists!$O$2)
G13: =IF(C13="","",IF(D13<>"","Completed",IF(C13<Dashboard!$C$5,"Missed",IF(C13-Dashboard!$C$5<=Lists!$O$3,"Due soon","Scheduled")))) | H13: =IF(C13="","",IF(D13<>"",D13,C13)+Lists!$O$2)
G14: =IF(C14="","",IF(D14<>"","Completed",IF(C14<Dashboard!$C$5,"Missed",IF(C14-Dashboard!$C$5<=Lists!$O$3,"Due soon","Scheduled")))) | H14: =IF(C14="","",IF(D14<>"",D14,C14)+Lists!$O$2)
G15: =IF(C15="","",IF(D15<>"","Completed",IF(C15<Dashboard!$C$5,"Missed",IF(C15-Dashboard!$C$5<=Lists!$O$3,"Due soon","Scheduled")))) | H15: =IF(C15="","",IF(D15<>"",D15,C15)+Lists!$O$2)
G16: =IF(C16="","",IF(D16<>"","Completed",IF(C16<Dashboard!$C$5,"Missed",IF(C16-Dashboard!$C$5<=Lists!$O$3,"Due soon","Scheduled")))) | H16: =IF(C16="","",IF(D16<>"",D16,C16)+Lists!$O$2)
G17: =IF(C17="","",IF(D17<>"","Completed",IF(C17<Dashboard!$C$5,"Missed",IF(C17-Dashboard!$C$5<=Lists!$O$3,"Due soon","Scheduled")))) | H17: =IF(C17="","",IF(D17<>"",D17,C17)+Lists!$O$2)
G18: =IF(C18="","",IF(D18<>"","Completed",IF(C18<Dashboard!$C$5,"Missed",IF(C18-Dashboard!$C$5<=Lists!$O$3,"Due soon","Scheduled")))) | H18: =IF(C18="","",IF(D18<>"",D18,C18)+Lists!$O$2)
... G124: =IF(C124="","",IF(D124<>"","Completed",IF(C124<Dashboard!$C$5,"Missed",IF(C124-Dashboard!$C$5<=Lists!$O$3,"Due soon","Scheduled")))) | H124: =IF(C124="","",IF(D124<>"",D124,C124)+Lists!$O$2)

Sheet Training Records
A1: Chemical Safety Training Records
A2: SOP Section 19 – only trained and authorized personnel undertake spill cleanup
A4: Name | B4: ID / Staff no. | C4: Role | D4: Requires training? | E4: Training module | F4: Date completed | G4: Validity (months) | H4: Expiry date | I4: Status | J4: Authorized for spill cleanup? | K4: Remarks
A5: M. Suresh | B5: LT-014 | C5: Laboratory Technician | D5: Yes | E5: Spill-kit use | F5: 46188 | G5: 12 | H5: =IF(OR(F5="",G5=""),"",EDATE(F5,G5)) -> 46553 | I5: =IF(A5="","",IF(D5="No","Not required",IF(H5="","Not trained",IF(H5<Dashboard!$C$5,"Expired",IF(H5-Dashboard!$C$5<=Lists!$O$4,"Expiring","Current"))))) -> Current | J5: Yes
A6: K. Priya | B6: 22A31A0412 | C6: Student/Researcher | D6: Yes | E6: Chemical hazard identification | G6: 12 | H6: =IF(OR(F6="",G6=""),"",EDATE(F6,G6)) | I6: =IF(A6="","",IF(D6="No","Not required",IF(H6="","Not trained",IF(H6<Dashboard!$C$5,"Expired",IF(H6-Dashboard!$C$5<=Lists!$O$4,"Expiring","Current"))))) -> Not trained | J6: No | K6: Scheduled for next induction
H7: =IF(OR(F7="",G7=""),"",EDATE(F7,G7)) | I7: =IF(A7="","",IF(D7="No","Not required",IF(H7="","Not trained",IF(H7<Dashboard!$C$5,"Expired",IF(H7-Dashboard!$C$5<=Lists!$O$4,"Expiring","Current")))))
H8: =IF(OR(F8="",G8=""),"",EDATE(F8,G8)) | I8: =IF(A8="","",IF(D8="No","Not required",IF(H8="","Not trained",IF(H8<Dashboard!$C$5,"Expired",IF(H8-Dashboard!$C$5<=Lists!$O$4,"Expiring","Current")))))
H9: =IF(OR(F9="",G9=""),"",EDATE(F9,G9)) | I9: =IF(A9="","",IF(D9="No","Not required",IF(H9="","Not trained",IF(H9<Dashboard!$C$5,"Expired",IF(H9-Dashboard!$C$5<=Lists!$O$4,"Expiring","Current")))))
H10: =IF(OR(F10="",G10=""),"",EDATE(F10,G10)) | I10: =IF(A10="","",IF(D10="No","Not required",IF(H10="","Not trained",IF(H10<Dashboard!$C$5,"Expired",IF(H10-Dashboard!$C$5<=Lists!$O$4,"Expiring","Current")))))
H11: =IF(OR(F11="",G11=""),"",EDATE(F11,G11)) | I11: =IF(A11="","",IF(D11="No","Not required",IF(H11="","Not trained",IF(H11<Dashboard!$C$5,"Expired",IF(H11-Dashboard!$C$5<=Lists!$O$4,"Expiring","Current")))))
H12: =IF(OR(F12="",G12=""),"",EDATE(F12,G12)) | I12: =IF(A12="","",IF(D12="No","Not required",IF(H12="","Not trained",IF(H12<Dashboard!$C$5,"Expired",IF(H12-Dashboard!$C$5<=Lists!$O$4,"Expiring","Current")))))
H13: =IF(OR(F13="",G13=""),"",EDATE(F13,G13)) | I13: =IF(A13="","",IF(D13="No","Not required",IF(H13="","Not trained",IF(H13<Dashboard!$C$5,"Expired",IF(H13-Dashboard!$C$5<=Lists!$O$4,"Expiring","Current")))))
H14: =IF(OR(F14="",G14=""),"",EDATE(F14,G14)) | I14: =IF(A14="","",IF(D14="No","Not required",IF(H14="","Not trained",IF(H14<Dashboard!$C$5,"Expired",IF(H14-Dashboard!$C$5<=Lists!$O$4,"Expiring","Current")))))
H15: =IF(OR(F15="",G15=""),"",EDATE(F15,G15)) | I15: =IF(A15="","",IF(D15="No","Not required",IF(H15="","Not trained",IF(H15<Dashboard!$C$5,"Expired",IF(H15-Dashboard!$C$5<=Lists!$O$4,"Expiring","Current")))))
H16: =IF(OR(F16="",G16=""),"",EDATE(F16,G16)) | I16: =IF(A16="","",IF(D16="No","Not required",IF(H16="","Not trained",IF(H16<Dashboard!$C$5,"Expired",IF(H16-Dashboard!$C$5<=Lists!$O$4,"Expiring","Current")))))
H17: =IF(OR(F17="",G17=""),"",EDATE(F17,G17)) | I17: =IF(A17="","",IF(D17="No","Not required",IF(H17="","Not trained",IF(H17<Dashboard!$C$5,"Expired",IF(H17-Dashboard!$C$5<=Lists!$O$4,"Expiring","Current")))))
H18: =IF(OR(F18="",G18=""),"",EDATE(F18,G18)) | I18: =IF(A18="","",IF(D18="No","Not required",IF(H18="","Not trained",IF(H18<Dashboard!$C$5,"Expired",IF(H18-Dashboard!$C$5<=Lists!$O$4,"Expiring","Current")))))
... H154: =IF(OR(F154="",G154=""),"",EDATE(F154,G154)) | I154: =IF(A154="","",IF(D154="No","Not required",IF(H154="","Not trained",IF(H154<Dashboard!$C$5,"Expired",IF(H154-Dashboard!$C$5<=Lists!$O$4,"Expiring","Current")))))

Sheet Emergency Drills
A1: Chemical Emergency Drill Register
A2: Emergency Drill Completion = drills completed ÷ drills planned (Section 20)
A4: Planned date | B4: Drill type | C4: Laboratory / area | D4: Conducted? | E4: Date conducted | F4: Occupants present | G4: Occupants accounted | H4: Accountability % | I4: Response / evacuation time (min) | J4: Drill status | K4: Observations / improvements
A5: 46233 | B5: Minor spill response | C5: Chemistry Lab 2 | D5: Yes | E5: 46233 | F5: 36 | G5: 36 | H5: =IF(OR(F5="",G5="",F5=0),"",G5/F5) -> 1 | I5: 4 | J5: =IF(A5="","",IF(D5="Yes","Completed",IF(A5<Dashboard!$C$5,"Missed","Scheduled"))) -> Completed | K5: Spill kit reached in under 1 minute; barrier tape location to be marked
A6: 46371 | B6: Major spill evacuation | C6: Chemistry Lab 2 | H6: =IF(OR(F6="",G6="",F6=0),"",G6/F6) | J6: =IF(A6="","",IF(D6="Yes","Completed",IF(A6<Dashboard!$C$5,"Missed","Scheduled"))) -> Scheduled
H7: =IF(OR(F7="",G7="",F7=0),"",G7/F7) | J7: =IF(A7="","",IF(D7="Yes","Completed",IF(A7<Dashboard!$C$5,"Missed","Scheduled")))
H8: =IF(OR(F8="",G8="",F8=0),"",G8/F8) | J8: =IF(A8="","",IF(D8="Yes","Completed",IF(A8<Dashboard!$C$5,"Missed","Scheduled")))
H9: =IF(OR(F9="",G9="",F9=0),"",G9/F9) | J9: =IF(A9="","",IF(D9="Yes","Completed",IF(A9<Dashboard!$C$5,"Missed","Scheduled")))
H10: =IF(OR(F10="",G10="",F10=0),"",G10/F10) | J10: =IF(A10="","",IF(D10="Yes","Completed",IF(A10<Dashboard!$C$5,"Missed","Scheduled")))
H11: =IF(OR(F11="",G11="",F11=0),"",G11/F11) | J11: =IF(A11="","",IF(D11="Yes","Completed",IF(A11<Dashboard!$C$5,"Missed","Scheduled")))
H12: =IF(OR(F12="",G12="",F12=0),"",G12/F12) | J12: =IF(A12="","",IF(D12="Yes","Completed",IF(A12<Dashboard!$C$5,"Missed","Scheduled")))
H13: =IF(OR(F13="",G13="",F13=0),"",G13/F13) | J13: =IF(A13="","",IF(D13="Yes","Completed",IF(A13<Dashboard!$C$5,"Missed","Scheduled")))
H14: =IF(OR(F14="",G14="",F14=0),"",G14/F14) | J14: =IF(A14="","",IF(D14="Yes","Completed",IF(A14<Dashboard!$C$5,"Missed","Scheduled")))
H15: =IF(OR(F15="",G15="",F15=0),"",G15/F15) | J15: =IF(A15="","",IF(D15="Yes","Completed",IF(A15<Dashboard!$C$5,"Missed","Scheduled")))
H16: =IF(OR(F16="",G16="",F16=0),"",G16/F16) | J16: =IF(A16="","",IF(D16="Yes","Completed",IF(A16<Dashboard!$C$5,"Missed","Scheduled")))
H17: =IF(OR(F17="",G17="",F17=0),"",G17/F17) | J17: =IF(A17="","",IF(D17="Yes","Completed",IF(A17<Dashboard!$C$5,"Missed","Scheduled")))
H18: =IF(OR(F18="",G18="",F18=0),"",G18/F18) | J18: =IF(A18="","",IF(D18="Yes","Completed",IF(A18<Dashboard!$C$5,"Missed","Scheduled")))
... H34: =IF(OR(F34="",G34="",F34=0),"",G34/F34) | J34: =IF(A34="","",IF(D34="Yes","Completed",IF(A34<Dashboard!$C$5,"Missed","Scheduled")))

Sheet Lists
A1: Yes / No | B1: Yes / No / N/A | C1: Compliance | D1: Spill category | E1: Exposure type | F1: Hazard class | G1: Physical form | H1: Spill source | I1: Roles | J1: Training modules | K1: Drill types | L1: Storage check items | N1: Parameter | O1: Value
A2: Yes | B2: Yes | C2: Compliant | D2: Minor spill | E2: None | F2: Flammable | G2: Liquid | H2: Container breakage | I2: Head of Institution | J2: Chemical hazard identification | K2: Minor spill response | L2: Segregation by compatibility | N2: Spill-kit inspection interval (days) | O2: 30
A3: No | B3: No | C3: Non-compliant | D3: Major spill | E3: Skin | F3: Corrosive | G3: Solid | H3: Leaking container | I3: Head of Department | J3: Labels and SDS interpretation | K3: Major spill evacuation | L3: Flammables in approved cabinet | N3: 'Due soon' window (days) | O3: 7
B4: N/A | D4: High-risk spill | E4: Eye | F4: Toxic | G4: Powder | H4: Equipment / apparatus | I4: Laboratory In-Charge | J4: Safe chemical handling | K4: Exposure response (eyewash/shower) | L4: Corrosives stored low / in trays | N4: Training 'expiring' window (days) | O4: 30
D5: Unknown spill | E5: Inhalation | F5: Oxidizing | G5: Volatile liquid | H5: Process / experiment | I5: Faculty/Instructor | J5: Storage and compatibility | K5: Fire with chemical involvement | L5: Secondary containment provided | N5: Default training validity (months) | O5: 12
D6: Exposure incident | E6: Ingestion | F6: Reactive | G6: Gas / vapour | H6: Transport / handling | I6: Laboratory Technician | J6: PPE selection and use | K6: Tabletop exercise | L6: Containers sealed and undamaged
F7: Explosive | H7: Storage failure | I7: Safety Officer/Committee | J7: Spill prevention and classification | L7: Shelves not overloaded
F8: Irritant / harmful | H8: Waste container | I8: Student/Researcher | J8: Emergency notification and evacuation | L8: Ventilation of store adequate
F9: Environmental hazard | H9: Other | I9: Emergency/Medical Personnel | J9: Spill-kit use | L9: No chemicals on floor / walkways
F10: Non-hazardous | I10: Housekeeping/Support Staff | J10: Chemical exposure response | L10: Quantity within permitted limits
J11: Chemical waste handling | L11: Hazard signage displayed
J12: Incident reporting
